t;Prec;Temp;PET
732221;0;22.6;3.59
732222;0;22;3.46
732223;0;21.6;3.37
732224;0;21.4;3.32
732225;0;20.2;3.08
732226;0;20.4;3.1
732227;0;22;3.4
732228;16.5;18.2;2.67
732229;9.3;13.6;1.84
732230;3.1;12.7;1.69
732231;0;12;1.56
732232;0;12.6;1.66
732233;0;13.6;1.82
732234;0;11.7;1.5
732235;0;11.5;1.46
732236;0;12.6;1.64
732237;0;12.8;1.66
732238;14.8;16.2;2.23
732239;82.5;15.8;2.15
732240;7.8;16.2;2.21
732241;0.5;16.8;2.31
732242;0;18.4;2.58
732243;0;21.8;3.19
732244;0;19.3;2.73
732245;2.8;14.6;1.91
732246;0.6;11.1;1.35
732247;83.7;12.6;1.58
732248;1.9;10.6;1.26
732249;13.8;8.9;1.01
732250;0.5;8.2;0.91
732251;0.3;9.6;1.11
732252;0.4;9.6;1.1
732253;0;10;1.16
732254;0;10.6;1.24
732255;0.6;11;1.3
732256;3.5;10;1.15
732257;0.3;11.7;1.39
732258;0;14.4;1.8
732259;0;15.6;1.99
732260;0;14;1.73
732261;0;10.6;1.22
732262;0;6.6;0.67
732263;0;5.1;0.48
732264;0;7.9;0.83
732265;0;7.5;0.78
732266;1.2;7.3;0.75
732267;0;7;0.71
732268;0;8.5;0.9
732269;0;8.2;0.86
732270;0;9.6;1.05
732271;0;12;1.39
732272;0;10.6;1.18
732273;0;10;1.1
732274;0;10.3;1.14
732275;0;10.8;1.2
732276;0;10.6;1.17
732277;0;9.5;1.02
732278;0;9.5;1.02
732279;0;10.2;1.11
732280;0.1;12.4;1.42
732281;5;11.3;1.26
732282;27.2;7.4;0.74
732283;21.1;6.6;0.64
732284;16.6;6.7;0.65
732285;6;5;0.45
732286;0.2;6.8;0.66
732287;0.1;7;0.68
732288;0;7.1;0.69
732289;0;5.4;0.49
732290;0;6.2;0.58
732291;0;7.4;0.73
732292;0;9.2;0.96
732293;0;9.7;1.02
732294;0;11.4;1.25
732295;0;10.6;1.14
732296;0;8.6;0.88
732297;0;7.6;0.75
732298;0;8.4;0.85
732299;0;8.6;0.88
732300;0;9.8;1.03
732301;0;5.6;0.51
732302;0;5.6;0.51
732303;0;5.2;0.47
732304;0;7;0.68
732305;0;6;0.56
732306;0;5.1;0.45
732307;0;1.9;0.13
732308;0;1.2;0.07
732309;0;2;0.14
732310;5.1;7.4;0.73
732311;0;5.9;0.55
732312;0;7.4;0.73
732313;0;9.6;0.82
732314;0;10.2;0.89
732315;0;8.8;0.72
732316;0;6.7;0.48
732317;0;6.9;0.5
732318;0;8.5;0.69
732319;0;9.4;0.8
732320;0;6.7;0.48
732321;0;7;0.52
732322;0;5.4;0.35
732323;0;5.8;0.39
732324;0;7.3;0.55
732325;0;8.6;0.71
732326;0;9;0.76
732327;0;9.4;0.81
732328;0;10.8;0.99
732329;0;9.6;0.84
732330;0;8.9;0.75
732331;0;6.8;0.51
732332;0;10.6;0.97
732333;0;11.9;1.16
732334;0;9.1;0.78
732335;0;7.3;0.57
732336;0;6.4;0.47
732337;0;2.4;0.11
732338;0;1;0.03
732339;0.1;-4.3;0
732340;0.1;-1.2;0
732341;0;2.2;0.1
732342;0;3.2;0.17
732343;0;3.4;0.19
732344;0;4.6;0.29
732345;0;6.6;0.5
732346;0;6.2;0.46
732347;0;4.6;0.3
732348;0.3;5.6;0.4
732349;9;3.8;0.22
732350;7.4;2.7;0.14
732351;0;4.3;0.27
732352;0;5.9;0.43
732353;0;7.2;0.58
732354;0;6.5;0.5
732355;0;7.6;0.63
732356;0;10.3;0.99
732357;0;7.8;0.66
732358;0;4.6;0.31
732359;0;3.2;0.18
732360;0;2.6;0.13
732361;0;4.6;0.31
732362;0;5.2;0.37
732363;0;5.2;0.37
732364;0.1;6.2;0.48
732365;0;2.9;0.16
732366;1;6.2;0.49
732367;0;5.4;0.4
732368;0.1;5.2;0.38
732369;0;2.8;0.15
732370;25.6;4.8;0.34
732371;34.3;4.6;0.32
732372;8.8;3;0.17
732373;2.1;4.1;0.27
732374;10.8;4.6;0.32
732375;26.8;1.6;0.07
732376;0;1.6;0.07
732377;0;4.6;0.33
732378;0.1;3.8;0.25
732379;0;4;0.27
732380;0;7.8;0.71
732381;2.2;9.4;0.94
732382;0.2;11;1.19
732383;1.6;9.2;0.92
732384;0;9;0.89
732385;0;11.2;1.24
732386;0;11.4;1.28
732387;0;13.2;1.59
732388;0;13.4;1.63
732389;0;14;1.74
732390;0;14.8;1.9
732391;0;16.5;2.24
732392;4.4;15.2;1.99
732393;21.6;12.6;1.51
732394;0;11.7;1.36
732395;0;13.4;1.67
732396;0;12.8;1.56
732397;25.7;9.1;0.95
732398;0;9.6;1.03
732399;0;10;1.1
732400;3.4;11.6;1.37
732401;0;13.1;1.65
732402;0;15.2;2.05
732403;0;14.2;1.86
732404;7.6;10.2;1.15
732405;0.2;8.4;0.87
732406;0.1;10.4;1.19
732407;0;11.2;1.33
732408;0;14.2;1.89
732409;0;16.2;2.31
732410;0;11.4;1.38
732411;0.4;8.2;0.85
732412;0;8.6;0.92
732413;0;10;1.15
732414;0;11.9;1.49
732415;0;11.8;1.47
732416;0;10.9;1.32
732417;0;8.3;0.88
732418;0;7.9;0.82
732419;0;10.6;1.27
732420;7.3;9.4;1.07
732421;0;9.8;1.14
732422;0;11.4;1.43
732423;0;14;1.94
732424;0;15;2.15
732425;0;12.6;1.67
732426;0;12.2;1.6
732427;0;12.9;1.74
732428;0;14.8;2.14
732429;0;16;2.4
732430;0;16.4;2.5
732431;0;19.2;3.16
732432;0;17.2;2.69
732433;0;15.6;2.34
732434;0;15.3;2.28
732435;0;16;2.44
732436;0;18;2.91
732437;0;17.8;2.87
732438;0;16.2;2.5
732439;0;17.2;2.74
732440;0;19.4;3.28
732441;0;19;3.19
732442;0;15.2;2.3
732443;0;14.9;2.24
732444;27.9;11.6;1.55
732445;3.6;11.2;1.48
732446;0;12.2;1.68
732447;0;13.8;2.02
732448;2.2;11.2;1.49
732449;0;11.8;1.61
732450;0;14.8;2.25
732451;0;17;2.76
732452;0;18;3.01
732453;0;18.6;3.17
732454;0;15.8;2.5
732455;0;16;2.55
732456;0;19.3;3.36
732457;0;21;3.81
732458;0;20.8;3.77
732459;0;19.4;3.4
732460;0;20.2;3.62
732461;0.6;19.1;3.34
732462;2.1;16.2;2.62
732463;0.1;17.2;2.87
732464;0;17;2.82
732465;0;18.5;3.2
732466;0;20;3.59
732467;0;21.4;3.97
732468;0;22.4;4.26
732469;0;23.2;4.49
732470;0;22.4;4.26
732471;0;22.2;4.21
732472;0;22.2;4.22
732473;0;23.2;4.5
732474;0;23.6;4.62
732475;0;16.2;2.66
732476;0;14.4;2.24
732477;0;16.3;2.68
732478;0;19.4;3.47
732479;0;21.6;4.07
732480;0;23.6;4.64
732481;0;22.6;4.35
732482;0;23;4.47
732483;0;24.2;4.81
732484;0;25;5.05
732485;0;26.8;5.62
732486;0;24.8;4.99
732487;0;21.2;3.96
732488;0;19.6;3.53
732489;0;19.4;3.48
732490;0;19.2;3.42
732491;0;18.8;3.32
732492;0;18.4;3.21
732493;0;19.6;3.53
732494;0;22.1;4.21
732495;0;23.1;4.49
732496;0;24.8;4.98
732497;0;21;3.9
732498;0;22.3;4.25
732499;0;22.5;4.31
732500;0;23.8;4.67
732501;0;22.8;4.38
732502;0;22.2;4.21
732503;0;22.1;4.18
732504;0;22.8;4.37
732505;0;24;4.71
732506;0;23.9;4.67
732507;0;25;4.99
732508;0;26.5;5.43
732509;0;26.8;5.53
732510;0;24.8;4.91
732511;0;23.2;4.45
732512;0;24.2;4.72
732513;0;27.9;5.88
732514;0;27;5.56
732515;0;24.2;4.7
732516;0;22.6;4.24
732517;0;21.3;3.88
732518;0;19.2;3.33
732519;0;19.4;3.37
732520;0;18.9;3.24
732521;0;18.8;3.21
732522;0;19;3.25
732523;0;19.6;3.4
732524;0;21;3.75
732525;0;19.4;3.33
732526;0;21.6;3.9
732527;0;22.6;4.16
732528;0;25.8;5.04
732529;0;27.2;5.48
732530;0;28.4;5.84
732531;0;30.6;6.4
732532;0;28.7;5.9
732533;0;22;3.94
732534;0;18;2.93
732535;0;18.8;3.11
732536;0;21.3;3.73
732537;0;23.8;4.38
732538;0;26.9;5.26
732539;0;27.2;5.35
732540;0;25.4;4.79
732541;0;23.2;4.18
732542;0;21.8;3.8
732543;0.5;21.3;3.67
732544;0;22.8;4.04
732545;0;21.8;3.77
732546;0;20.2;3.36
732547;0;21.9;3.78
732548;0;23.4;4.15
732549;0;23.9;4.27
732550;0;22.4;3.87
732551;0;22.8;3.96
732552;0;24.3;4.34
732553;0;24;4.25
732554;0;24.1;4.26
732555;0;23.4;4.07
732556;0;21.2;3.51
732557;0;21.6;3.6
732558;0;24;4.19
732559;0;25.2;4.48
732560;0;21.8;3.61
732561;2.6;15.8;2.24
732562;13;15;2.07
732563;0;16.2;2.31
732564;0;17.4;2.56
732565;0;17;2.47
732566;0;15.8;2.21
732567;0;16.3;2.3
732568;0;17.1;2.46
732569;0;17.9;2.63
732570;0;22.2;3.59
732571;0.2;17.2;2.46
732572;0.2;14.4;1.89
732573;0;14.6;1.92
732574;0;17;2.4
732575;0;17.8;2.55
732576;0;18.4;2.67
732577;0;19.6;2.92
732578;0;18.8;2.74
732579;0;17.8;2.52
732580;0;17.7;2.49
732581;0;17.7;2.48
732582;0;18.4;2.62
732583;0;17.6;2.45
732584;0;18.8;2.69
732585;0;21.3;3.22
732586;0;19.8;2.88
732587;0;20.9;3.11
732588;0;17.7;2.43
732589;0;16.3;2.14
732590;0;17.6;2.39
732591;0;18.4;2.54
732592;0;18.6;2.57
732593;0;19.3;2.71
732594;0.4;18.5;2.54
732595;2.7;17.1;2.25
732596;44.4;14.8;1.81
732597;54.1;13.6;1.6
732598;0;10.2;1.04
732599;0;10.1;1.02
732600;0;11.7;1.27
732601;0;13.8;1.61
732602;13.2;13.8;1.6
732603;0.7;12.4;1.37
732604;0;12.2;1.33
732605;3;12.8;1.42
732606;0.1;13.6;1.55
732607;9.7;13;1.44
732608;2.3;12.5;1.36
732609;0;13.4;1.5
732610;0.7;13.4;1.5
732611;0;15.8;1.9
732612;0;19.2;2.52
732613;0;17.2;2.14
732614;0;17.2;2.13
732615;15.3;15.6;1.84
732616;3.7;10.9;1.08
732617;0;12;1.24
732618;0;13.8;1.52
732619;0;13.6;1.48
732620;1.6;9.8;0.91
732621;0;8.6;0.75
732622;0;11;1.08
732623;0;11.5;1.15
732624;0;11.4;1.13
732625;0;8.4;0.72
732626;0;6.9;0.54
732627;0;6.9;0.53
732628;4.6;7.6;0.61
732629;2.2;4.2;0.26
732630;23.4;3.6;0.2
732631;10.7;5.6;0.39
732632;0;8.4;0.7
732633;0;8.4;0.7
732634;3.1;7.9;0.64
732635;0;10.6;0.98
732636;0;12;1.18
732637;2.2;12.2;1.2
732638;2;11.8;1.14
732639;0.8;9;0.76
732640;0;8.4;0.69
732641;0.2;5.8;0.4
732642;13.4;4.4;0.26
732643;1.2;2.6;0.12
732644;2.3;5.4;0.36
732645;0;5;0.32
732646;0;4;0.23
732647;0.2;4.8;0.3
732648;109.1;5.37;0.35
732649;14;5.93;0.41
732650;1.1;6.5;0.46
732651;9.1;7;0.52
732652;0;7.6;0.58
732653;0;8.2;0.65
732654;0;8.8;0.72
732655;0;9.5;0.81
732656;0;6.7;0.48
732657;0;5.4;0.35
732658;0;4.4;0.26
732659;0;4.2;0.24
732660;0;4;0.22
732661;0;6.6;0.47
732662;0;6.2;0.43
732663;0;6;0.41
732664;0;7.6;0.58
732665;0;6.8;0.49
732666;0;8;0.62
732667;0;7.8;0.6
732668;0;8.2;0.64
732669;0;8.1;0.63
732670;0;7.9;0.61
732671;4.4;7.8;0.6
732672;24.4;9.1;0.75
732673;2.2;8.5;0.68
732674;0;7.5;0.56
732675;0;6.2;0.43
732676;0;7.1;0.52
732677;0;7.6;0.58
732678;4.1;7.4;0.53
732679;0;4.7;0.27
732680;0;5.6;0.35
732681;0;4.6;0.26
732682;0;4.7;0.27
732683;17.4;4.4;0.25
732684;0;3.7;0.19
732685;0;4;0.21
732686;0;5.2;0.32
732687;0.1;5.4;0.34
732688;0;5.5;0.35
732689;0;5.7;0.37
732690;1;5.8;0.38
732691;3.2;5.5;0.35
732692;18.1;5.1;0.31
732693;11.4;4.8;0.28
732694;0;5.6;0.36
732695;0;6.1;0.41
732696;0;7.7;0.58
732697;0;8.6;0.69
732698;0;6.8;0.49
732699;0;6.6;0.47
732700;0;6.6;0.47
732701;0;4.9;0.3
732702;0;5.5;0.36
732703;2.1;7;0.51
732704;32.6;6;0.41
732705;21.1;5;0.31
732706;13.5;4;0.22
732707;12.4;3;0.15
732708;0;5.4;0.35
732709;0;6.8;0.5
732710;0;6.5;0.47
732711;15.6;5.5;0.37
732712;0;5.4;0.36
732713;0;5.6;0.38
732714;0;5.5;0.37
732715;0;8.3;0.69
732716;1.1;7.5;0.59
732717;0.2;10.2;0.94
732718;1.7;12.2;1.24
732719;0;10.6;1.01
732720;0.1;8;0.66
732721;0;8;0.66
732722;0;9.6;0.87
732723;0;8;0.67
732724;26.8;7;0.55
732725;11;6.1;0.45
732726;7.8;6.6;0.5
732727;46.7;5.2;0.35
732728;12.7;4;0.24
732729;3.4;3.6;0.2
732730;8.2;1.6;0.06
732731;3.7;1.6;0.06
732732;0;2;0.09
732733;31.5;3.8;0.22
732734;16.1;4.6;0.3
732735;0;4.8;0.32
732736;0;5.9;0.44
732737;3.1;6.4;0.5
732738;0;6.3;0.49
732739;1;5.4;0.39
732740;48.8;6.4;0.5
732741;17.7;3.8;0.23
732742;0;4.6;0.31
732743;0;7.8;0.69
732744;0;11;1.16
732745;0;8.8;0.83
732746;0;9.2;0.89
732747;0;8.6;0.81
732748;0;13.4;1.58
732749;0;13;1.51
732750;0;11.6;1.28
732751;0;11.6;1.28
732752;0;9.4;0.94
732753;20;10.2;1.06
732754;32.2;9;0.88
732755;46.5;7.6;0.69
732756;29.7;7.8;0.72
732757;28.3;7.2;0.64
732758;0.6;7.4;0.67
732759;0;10.4;1.12
732760;27.4;10.2;1.09
732761;0;11.4;1.29
732762;0;17.2;2.41
732763;0;15.6;2.08
732764;0;10.6;1.17
732765;0;10.9;1.22
732766;0;15.9;2.17
732767;0;16;2.19
732768;0;12.3;1.48
732769;0;15.5;2.1
732770;0;19.6;3
732771;0;15.2;2.06
732772;8.2;9.8;1.07
732773;4.6;10;1.1
732774;1.7;9.8;1.07
732775;0;12.7;1.59
732776;0;13.6;1.77
732777;0;12.9;1.64
732778;0;11.8;1.44
732779;1.8;11;1.3
732780;0.1;12.1;1.5
732781;11.2;16.3;2.35
732782;11.8;11.2;1.34
732783;0;11;1.31
732784;0;9;0.97
732785;0;10.8;1.28
732786;0;11.8;1.47
732787;0;11;1.33
732788;3.1;11.4;1.4
732789;0.4;9.8;1.12
732790;19.6;9.9;1.14
732791;7.5;12.2;1.57
732792;0;14.8;2.1
732793;0;15.6;2.28
732794;0;17.9;2.81
732795;0;14.8;2.12
732796;0;13.9;1.93
732797;0;14.8;2.13
732798;0;14.4;2.05
732799;0;16.8;2.59
732800;16.4;10.3;1.24
732801;7.6;11.5;1.47
732802;0;13;1.77
732803;0;12.9;1.76
732804;0;14.2;2.03
732805;0;14.4;2.08
732806;0;16.7;2.61
732807;0;16.2;2.5
732808;0.3;15.7;2.39
732809;0;16.1;2.48
732810;0;18.3;3.02
732811;0;18.8;3.15
732812;0;19.2;3.26
732813;0;24.2;4.62
732814;0;26.4;5.28
732815;0;21;3.75
732816;0;19.7;3.41
732817;0;17.7;2.91
732818;0;18;2.99
732819;0;13.4;1.92
732820;0;13.3;1.9
732821;0;13.8;2.01
732822;0;15;2.29
732823;0;14.9;2.27
732824;0;18.8;3.22
732825;0;22.7;4.28
732826;0;22.2;4.15
732827;0;16;2.54
732828;0;16.1;2.57
732829;0;14.8;2.26
732830;0;16.7;2.72
732831;0;18.8;3.25
732832;0;16.4;2.65
732833;0;19.7;3.49
732834;0;21.7;4.05
732835;0;25.9;5.28
732836;0;27.6;5.87
732837;0;20.6;3.75
732838;0;19;3.32
732839;0;19.6;3.48
732840;0;20.2;3.65
732841;0.8;20.5;3.73
732842;0;18.4;3.17
732843;1.6;15.9;2.55
732844;3.1;15;2.33
732845;0.2;15.2;2.38
732846;0;17.1;2.85
732847;0;21;3.88
732848;0;20.9;3.85
732849;0;21.9;4.13
732850;0;24.5;4.89
732851;0;23.2;4.5
732852;0;18.5;3.2
732853;0;17.4;2.92
732854;0;17.8;3.02
732855;0;15.7;2.5
732856;0;15.8;2.52
732857;0;17.4;2.92
732858;0;20.3;3.68
732859;0;20.4;3.7
732860;0;19.1;3.35
732861;0;19.2;3.37
732862;0;18.9;3.29
732863;0;19.2;3.37
732864;0;21;3.85
732865;0;22.6;4.3
732866;0;22.4;4.24
732867;0;26.7;5.53
732868;0;28.5;6.13
732869;0;28.6;6.15
732870;1.1;23.2;4.45
732871;0.1;23;4.38
732872;0;25;4.96
732873;0;25;4.96
732874;0;26.8;5.52
732875;0;27.6;5.79
732876;0.8;24.5;4.79
732877;0;23.3;4.43
732878;0;23;4.34
732879;0;24.9;4.88
732880;0;24.7;4.82
732881;0;25.2;4.96
732882;0;22.8;4.26
732883;0;23.5;4.45
732884;0;24.5;4.72
732885;0;23;4.29
732886;0;22.2;4.06
732887;0;23.4;4.38
732888;0;24.8;4.77
732889;0;25.7;5.03
732890;0;24.7;4.72
732891;0;25.1;4.83
732892;0;23.4;4.34
732893;0;24.2;4.55
732894;0;24.6;4.65
732895;0;25.3;4.84
732896;0;25;4.75
732897;0;23.4;4.29
732898;0;23.2;4.22
732899;0;25.6;4.88
732900;0;24.6;4.59
732901;0;23.8;4.35
732902;0;22.8;4.07
732903;0;19.8;3.28
732904;0;17.5;2.72
732905;0;15;2.15
732906;24.1;14.6;2.06
732907;0;15.2;2.18
732908;0;16.1;2.37
732909;0;20.6;3.43
732910;0;22.2;3.83
732911;0;23.7;4.21
732912;0;22.4;3.86
732913;0;23.8;4.22
732914;0;23.8;4.2
732915;0;23.6;4.14
732916;0;24.1;4.26
732917;0;24.8;4.43
732918;0;26.4;4.86
732919;0;26.8;4.97
732920;0;25.6;4.61
732921;0;24.8;4.38
732922;0;26.3;4.77
732923;0;27.4;5.1
732924;0;25.4;4.5
732925;0;24.3;4.2
732926;0;23.8;4.06
732927;0;22.6;3.74
732928;0;23.8;4.03
732929;0;24.3;4.15
732930;0;23.4;3.9
732931;4.1;22.2;3.6
732932;0.1;18.2;2.66
732933;0;17.2;2.43
732934;42;13.7;1.72
732935;0;13.7;1.72
732936;0;14;1.77
732937;0;17.2;2.4
732938;0;19.4;2.87
732939;0;20.2;3.04
732940;0;21.8;3.4
732941;9.9;17.2;2.37
732942;0;14.4;1.81
732943;0;12.8;1.51
732944;0;14.4;1.8
732945;0;17.5;2.4
732946;0;19;2.71
732947;0;19;2.7
732948;0;16.3;2.14
732949;0;17.4;2.35
732950;0;16.4;2.14
732951;0;18.6;2.58
732952;0;22.3;3.38
732953;0;16.4;2.12
732954;0;13.8;1.63
732955;0;14.8;1.8
732956;0;16.7;2.16
732957;0;18;2.4
732958;0;18.6;2.52
732959;0;20;2.8
732960;0;17.4;2.26
732961;0;16.2;2.02
732962;0;16.6;2.09
732963;0;15.9;1.96
732964;0;17.5;2.25
732965;0;15.4;1.85
732966;0;16.3;2.01
732967;10.3;15.2;1.8
732968;18.5;13.7;1.54
732969;14.6;13.6;1.51
732970;42;13.6;1.51
732971;51.3;13.7;1.52
732972;2.9;14.7;1.69
732973;22.6;14.5;1.65
732974;11.9;16.6;2.01
732975;13.2;15.4;1.79
732976;4.1;11.7;1.18
732977;2;13.8;1.51
732978;0;18.7;2.37
732979;0;22;3.02
732980;0;17.4;2.12
732981;0;17.6;2.15
732982;0;16.6;1.96
732983;4.6;16;1.85
732984;12.7;15.4;1.74
732985;0;15.4;1.73
732986;0;14.8;1.63
732987;11.2;14.6;1.59
732988;18.9;12.6;1.27
732989;6.5;13.1;1.34
732990;0;13;1.32
732991;0;12.6;1.26
732992;0;12.6;1.26
732993;0;12.5;1.24
732994;0;12;1.16
732995;0;11.3;1.06
732996;1;13.8;1.43
732997;45.4;10.8;0.98
732998;2.8;7.4;0.56
732999;0;9;0.74
733000;0;10.8;0.98
733001;0;10.6;0.95
733002;0;11.6;1.08
733003;0;10.8;0.97
733004;5.2;11;0.99
733005;0.3;12.6;1.22
733006;14.9;10.5;0.92
733007;0.1;7.5;0.55
733008;0;8.2;0.63
733009;0;10.2;0.88
733010;0;10;0.85
733011;0;10.3;0.89
733012;0;11.4;1.03
733013;26.7;9.4;0.77
733014;0;8.6;0.67
733015;0;9.8;0.82
733016;30.5;8.4;0.65
733017;0;7.4;0.54
733018;3;7.4;0.53
733019;38.9;7.3;0.52
733020;0;4.6;0.26
733021;0;4;0.21
733022;0;6;0.39
733023;0;8.5;0.66
733024;0;7.4;0.53
733025;0;6.7;0.46
733026;0;7.8;0.57
733027;0;7.2;0.51
733028;0;7.8;0.57
733029;0;6.2;0.41
733030;0;3.6;0.18
733031;0;2;0.07
733032;0;3;0.14
733033;0;4.8;0.28
733034;0;2.4;0.1
733035;0;4.2;0.23
733036;0;5.2;0.31
733037;0;8;0.6
733038;0;8.6;0.67
733039;0;7.6;0.55
733040;0;7.4;0.53
733041;0;8.2;0.62
733042;0;10;0.84
733043;0;10.8;1.04
733044;0;11.4;1.13
733045;0;11.8;1.18
733046;0.1;10.2;0.97
733047;0;9.1;0.83
733048;0;8.2;0.72
733049;0;7.8;0.67
733050;0;7;0.58
733051;0;9.3;0.86
733052;0;8.4;0.74
733053;0;9.8;0.92
733054;0;11.5;1.16
733055;0;12.8;1.34
733056;0;11.4;1.15
733057;0;8.6;0.78
733058;0;7.1;0.6
733059;0;9;0.83
733060;0;9.8;0.94
733061;0;12.6;1.33
733062;0;11.1;1.12
733063;0;8.8;0.81
733064;9.5;5.2;0.39
733065;1.5;4;0.27
733066;0;2.6;0.15
733067;30.3;0.6;0.02
733068;0;-1;0
733069;1.7;0.4;0.01
733070;14.8;3.8;0.26
733071;22.3;6;0.49
733072;12.9;4.3;0.31
733073;0;4.8;0.36
733074;0;4.9;0.37
733075;4.5;5.8;0.47
733076;1.7;7;0.61
733077;0;5.6;0.45
733078;0;6.4;0.54
733079;9.9;6;0.5
733080;13.1;5.8;0.48
733081;115;9;0.88
733082;2.1;8.8;0.85
733083;30.1;10;1.02
733084;0.8;10.2;1.06
733085;4.9;10.1;1.04
733086;0.9;13.4;1.55
733087;2.4;9;0.9
733088;0;9.8;1.01
733089;4.9;11.6;1.28
733090;22;4.6;0.36
733091;0;6.6;0.59
733092;0;5.5;0.46
733093;9.1;5.6;0.47
733094;0;6.8;0.62
733095;33.8;7;0.65
733096;4.4;8.9;0.91
733097;0;9.3;0.97
733098;7;9;0.93
733099;4;9.7;1.03
733100;0;9.8;1.05
733101;0;11.4;1.3
733102;0;10.4;1.15
733103;0;9.9;1.08
733104;0;14;1.75
733105;0;13;1.59
733106;0.4;8;0.81
733107;0.1;8.1;0.83
733108;18.4;9.6;1.05
733109;0;7.6;0.76
733110;0;9.2;1
733111;0;12.2;1.48
733112;0;8.5;0.9
733113;0;8.8;0.95
733114;0;10.8;1.26
733115;0;11.5;1.38
733116;0;11.2;1.34
733117;10.4;11.2;1.34
733118;0;9.6;1.09
733119;0;11.2;1.35
733120;0;7.8;0.82
733121;0;4.8;0.42
733122;0;3.2;0.24
733123;0;4;0.33
733124;0;7.1;0.73
733125;0;8.4;0.92
733126;0;7.7;0.82
733127;19.4;5.8;0.56
733128;0.6;7;0.72
733129;4.4;6;0.59
733130;2.8;7.5;0.8
733131;0;8.2;0.91
733132;10.6;6.6;0.68
733133;4.6;5.6;0.54
733134;7.8;5.3;0.5
733135;1.5;7.5;0.81
733136;0.7;7.4;0.8
733137;1.1;4.4;0.39
733138;0.4;3.4;0.27
733139;4.9;5;0.47
733140;0;8.4;0.97
733141;0;11.3;1.47
733142;0;11.7;1.55
733143;0.1;9.8;1.21
733144;16.6;8.8;1.05
733145;2.1;9;1.08
733146;0;11;1.44
733147;0;12.2;1.66
733148;0;11.1;1.46
733149;0;12.7;1.77
733150;0;12;1.64
733151;0.4;13.4;1.92
733152;0;13.6;1.96
733153;5.7;10.4;1.36
733154;0.7;12.4;1.74
733155;0;14.6;2.19
733156;0.1;15.1;2.3
733157;0.6;12.8;1.83
733158;0;10.4;1.37
733159;0;9.8;1.27
733160;0;11.2;1.53
733161;0;10.4;1.39
733162;1.2;9.4;1.21
733163;0;7.9;0.95
733164;84.1;9;1.14
733165;10.4;9;1.14
733166;0;10.8;1.48
733167;5.5;11;1.52
733168;0;10.8;1.49
733169;0;13.9;2.12
733170;0;17.3;2.88
733171;0;18.3;3.12
733172;0;17.6;2.96
733173;0;16.8;2.78
733174;0;18.6;3.21
733175;0;12.8;1.91
733176;0;11.6;1.67
733177;0;13.2;2
733178;0;15.8;2.58
733179;0;18.9;3.32
733180;0;20.6;3.75
733181;0;20.2;3.65
733182;2;16.2;2.69
733183;19.8;15.9;2.63
733184;22.7;15.8;2.61
733185;0;15.6;2.57
733186;0.5;15.5;2.55
733187;1.1;15.4;2.53
733188;10.3;15.2;2.49
733189;1;15.1;2.47
733190;0;15;2.45
733191;0;14.8;2.41
733192;0;14.8;2.41
733193;0;14.7;2.39
733194;0;14.6;2.37
733195;0;17.8;3.13
733196;0;18.4;3.28
733197;0;17.6;3.09
733198;0;18.2;3.24
733199;0;17;2.95
733200;0;19.2;3.49
733201;0;18.7;3.37
733202;0;16.7;2.88
733203;0;13;2.04
733204;0;14;2.26
733205;0;14.9;2.46
733206;0;15;2.49
733207;6.6;13.6;2.17
733208;21.3;13.6;2.17
733209;5.9;15;2.49
733210;0;15.9;2.7
733211;0;15.6;2.63
733212;0;14.2;2.31
733213;0;14.2;2.31
733214;0;14.8;2.45
733215;0;18;3.22
733216;0;19.8;3.67
733217;0;19.3;3.54
733218;0;17.4;3.07
733219;0;14.8;2.45
733220;0;16.2;2.78
733221;0;18;3.21
733222;0;19.8;3.67
733223;0;21.8;4.19
733224;0;19;3.46
733225;0;18.4;3.31
733226;0;21.6;4.13
733227;0;22.6;4.4
733228;0;22;4.23
733229;0;22.4;4.34
733230;0;21.9;4.2
733231;0;21.4;4.06
733232;0;20.9;3.93
733233;0;20.4;3.79
733234;0;21.4;4.05
733235;0;21.2;3.99
733236;0;22.8;4.41
733237;0;23.6;4.63
733238;0;21.2;3.98
733239;0;20.2;3.72
733240;0;21;3.92
733241;0;20.3;3.73
733242;0;18.5;3.27
733243;0;16.6;2.81
733244;0;17.6;3.04
733245;0;18.6;3.28
733246;0;19.1;3.4
733247;0;20.6;3.77
733248;0;22.2;4.18
733249;0;23.6;4.54
733250;0;24.6;4.8
733251;0;26.2;5.23
733252;0;27.2;5.54
733253;0;25.8;5.1
733254;0;26.9;5.42
733255;0;26.4;5.24
733256;0;24.6;4.74
733257;0;25.2;4.89
733258;0;28.4;5.86
733259;0.2;21.5;3.91
733260;0;17.5;2.93
733261;0;18.2;3.08
733262;0;19;3.27
733263;0;21.6;3.9
733264;0;21.6;3.89
733265;0;21.8;3.93
733266;0;19.6;3.38
733267;0;18.8;3.18
733268;1;19;3.22
733269;0;19.8;3.4
733270;0;20;3.44
733271;0;20.4;3.53
733272;0;22.3;3.98
733273;0;23.2;4.19
733274;0;21.6;3.79
733275;0;21.2;3.68
733276;2.8;18.2;2.97
733277;0;17.7;2.85
733278;0;21.2;3.65
733279;0;20.7;3.52
733280;0;23.5;4.19
733281;0;27.7;5.31
733282;0;26.2;4.84
733283;0;21.8;3.74
733284;0;19.5;3.19
733285;0;19.9;3.27
733286;0;20.9;3.49
733287;0;20.8;3.46
733288;0;20.5;3.38
733289;0;21.8;3.67
733290;0;22.2;3.76
733291;0;21.5;3.58
733292;0;21.2;3.5
733293;0;20.1;3.24
733294;0;17.2;2.6
733295;0;18.5;2.87
733296;0.5;18.8;2.92
733297;4.5;15.8;2.29
733298;1.9;15.7;2.26
733299;2.3;16.1;2.33
733300;0;18.1;2.74
733301;0;19.4;3.01
733302;0;17.7;2.64
733303;0;16.8;2.44
733304;0;16.8;2.44
733305;1.6;20.4;3.18
733306;19.8;14.6;1.99
733307;0;15.8;2.21
733308;0;18.3;2.71
733309;0;18.8;2.8
733310;0;19.6;2.96
733311;0;18.7;2.76
733312;0;17.2;2.45
733313;2.4;17;2.4
733314;4;14.1;1.85
733315;0;17;2.39
733316;0;18.2;2.62
733317;1.7;18.1;2.59
733318;0.1;18;2.56
733319;0.2;17.9;2.53
733320;0;17.7;2.48
733321;0;17.6;2.46
733322;0;17.5;2.43
733323;0;17.4;2.4
733324;0;17.2;2.35
733325;0;17.1;2.33
733326;0;17;2.3
733327;0;16.9;2.27
733328;0;16.7;2.23
733329;3.5;16.6;2.2
733330;1.7;16.5;2.18
733331;0;16.4;2.15
733332;0;16.2;2.11
733333;0;16.1;2.08
733334;0;16;2.06
733335;0;15.5;1.96
733336;0;15.2;1.9
733337;0;14.8;1.83
733338;0;13.4;1.59
733339;11.1;12.2;1.39
733340;0;10.2;1.08
733341;0;11.3;1.24
733342;1.1;11.4;1.25
733343;0;12.2;1.37
733344;0;12.4;1.4
733345;0;12.4;1.39
733346;0;9.8;1
733347;0;9.8;1
733348;0;12.7;1.43
733349;0;12.6;1.41
733350;0;12.6;1.4
733351;0;14;1.62
733352;0.7;14;1.61
733353;0;12.2;1.33
733354;0;13.2;1.48
733355;0;13.3;1.49
733356;0;11.5;1.21
733357;0;11.4;1.19
733358;0;11.6;1.22
733359;0;11.8;1.25
733360;0;11;1.13
733361;0;9.6;0.93
733362;0;8.4;0.77
733363;0;8.2;0.74
733364;0;11.4;1.17
733365;0;11.8;1.23
733366;34.7;12.6;1.34
733367;37.6;8.8;0.81
733368;6.9;8;0.71
733369;0;5.6;0.43
733370;2.5;5;0.37
733371;0;6.8;0.56
733372;0;6.9;0.57
733373;0;7.8;0.68
733374;0;7;0.58
733375;0;6.8;0.56
733376;0;7.2;0.6
733377;0;7.2;0.6
733378;0;9;0.82
733379;0;8.7;0.78
733380;0;10.4;1
733381;0;10;0.94
733382;0;10.8;1.05
733383;0;9.7;0.9
733384;0;8.7;0.77
733385;0;10.6;1.02
733386;0;6.8;0.55
733387;0;7.9;0.67
733388;0;8.4;0.73
733389;0;7.4;0.62
733390;0;5.9;0.45
733391;0;4;0.26
733392;0;3.8;0.24
733393;0.6;5.8;0.44
733394;0.1;6.8;0.55
733395;0;7.8;0.66
733396;0;9;0.81
733397;8.6;7.8;0.66
733398;11.2;8;0.68
733399;37.8;6.8;0.54
733400;0.1;7.5;0.62
733401;0;6;0.46
733402;0.2;4.8;0.34
733403;0;6.2;0.48
733404;0;5.8;0.44
733405;0;4.8;0.34
733406;0;5.4;0.4
733407;0;6;0.46
733408;0;4.8;0.36
733409;32.8;6.8;0.57
733410;61.3;5.8;0.46
733411;0.5;2.8;0.17
733412;0;5.1;0.39
733413;0.3;9.6;0.92
733414;0;8;0.72
733415;1;9.2;0.87
733416;0.1;6.8;0.58
733417;0;7.3;0.64
733418;15.9;6;0.49
733419;0;3.8;0.26
733420;3.4;5.4;0.43
733421;47.2;6.5;0.55
733422;0.7;5.4;0.43
733423;37.6;7.8;0.71
733424;0;7.8;0.71
733425;0;11.1;1.15
733426;0;12.6;1.37
733427;0;12.5;1.36
733428;0;11.3;1.18
733429;0;11;1.14
733430;0;12;1.29
733431;0;8.8;0.85
733432;0;8.6;0.83
733433;0;7;0.63
733434;0;6.6;0.58
733435;0;7.5;0.69
733436;0;7.4;0.68
733437;0;8.3;0.8
733438;0;8.5;0.83
733439;0;6.4;0.56
733440;0;6.1;0.53
733441;3.9;5.6;0.47
733442;139.2;6.9;0.63
733443;0;7.5;0.71
733444;0;10.4;1.11
733445;0;11.4;1.26
733446;0;11;1.2
733447;0;8.8;0.89
733448;0;9.3;0.96
733449;0;8.1;0.8
733450;0;7.6;0.74
733451;0;6.8;0.63
733452;0;9;0.93
733453;0;7.8;0.77
733454;0;9.2;0.97
733455;12.2;7.2;0.7
733456;0;10.2;1.12
733457;25.2;9.4;1.01
733458;1.1;9;0.95
733459;0.1;8.6;0.9
733460;0.8;8.5;0.89
733461;3.9;9.4;1.02
733462;9.8;9.5;1.04
733463;0;10.4;1.18
733464;0;11.8;1.4
733465;0;11.8;1.41
733466;0;9.2;1.01
733467;0;10.4;1.19
733468;0;11;1.29
733469;0;12;1.46
733470;0;12;1.46
733471;0;11.4;1.37
733472;0;3.6;0.29
733473;0;3.9;0.32
733474;0;7.7;0.81
733475;0;8.9;0.99
733476;0;6.7;0.68
733477;5;7.4;0.78
733478;4;11.4;1.4
733479;0;13.8;1.82
733480;0;14.9;2.03
733481;0;16.5;2.34
733482;0;14;1.88
733483;0;9.4;1.1
733484;0;10.4;1.26
733485;0;8.5;0.96
733486;19;6.8;0.71
733487;14.1;7;0.75
733488;0;8.2;0.93
733489;23.6;6.6;0.69
733490;0;3.6;0.31
733491;0;6;0.61
733492;0;7.7;0.86
733493;0;8.2;0.94
733494;0;7.6;0.85
733495;0;10.8;1.38
733496;0;13.2;1.82
733497;0;10.4;1.32
733498;0;8.2;0.96
733499;0;11.2;1.47
733500;0;13;1.8
733501;0;15;2.2
733502;0;15.8;2.36
733503;0;14;2.01
733504;0;12.8;1.79
733505;2;10.6;1.39
733506;90.5;9.8;1.25
733507;79.7;10.3;1.34
733508;57.9;10.8;1.44
733509;0;11.3;1.53
733510;0;11.8;1.63
733511;0;12.3;1.73
733512;0;12.8;1.83
733513;0;13.3;1.93
733514;0;13.8;2.04
733515;32.1;10;1.32
733516;55.8;8.5;1.06
733517;86.7;8.2;1.01
733518;56.4;8.6;1.08
733519;0.1;9;1.16
733520;0;9.4;1.23
733521;0;9.8;1.31
733522;0;10.2;1.38
733523;0;10.6;1.46
733524;0;11;1.54
733525;0;11.4;1.62
733526;0;11.8;1.7
733527;0;12.2;1.79
733528;0;12.6;1.87
733529;0;13;1.96
733530;0;13.4;2.04
733531;0;13.8;2.13
733532;0;14.2;2.22
733533;0;14.6;2.31
733534;0;15;2.41
733535;0;15.6;2.54
733536;0;14.2;2.24
733537;20.8;10.8;1.55
733538;8.2;7;0.86
733539;1.8;8.3;1.09
733540;10.8;11;1.6
733541;0;11.5;1.7
733542;0.3;10.1;1.43
733543;0;10.8;1.57
733544;7.4;10.3;1.47
733545;0;10.8;1.58
733546;3;10.1;1.44
733547;5.6;9.9;1.41
733548;2.5;9.9;1.41
733549;0.1;13.2;2.08
733550;0;13.8;2.22
733551;3.8;13.1;2.07
733552;6.5;10.5;1.53
733553;12.3;8;1.06
733554;0;9;1.25
733555;22.9;8.8;1.21
733556;4.7;9.6;1.37
733557;0.6;12.1;1.87
733558;6.4;9.6;1.37
733559;0;10.6;1.57
733560;0;10.8;1.61
733561;0;12.6;1.99
733562;0;13.6;2.21
733563;0;15.2;2.57
733564;0;16.2;2.81
733565;0;16.4;2.86
733566;0;17.4;3.1
733567;0;16.8;2.96
733568;0;13.6;2.22
733569;0;14.3;2.38
733570;0;16.2;2.82
733571;0;17.8;3.21
733572;0;18.2;3.3
733573;0;20.8;3.96
733574;0;20.1;3.78
733575;0;15.7;2.71
733576;0;17.1;3.04
733577;0;18.7;3.43
733578;0.6;20.6;3.92
733579;0;21.6;4.18
733580;0;23.4;4.66
733581;0;24.3;4.9
733582;0;20.2;3.81
733583;0;21.1;4.04
733584;0;22.8;4.49
733585;0;25.2;5.14
733586;0;24.4;4.92
733587;0;24.4;4.92
733588;0;23.7;4.73
733589;0;24.2;4.86
733590;0;23.6;4.69
733591;0;22.7;4.45
733592;0;18.6;3.39
733593;0;21.2;4.05
733594;0;21.8;4.2
733595;0;18.6;3.38
733596;0;18.4;3.33
733597;0;21;3.98
733598;0;21.8;4.19
733599;0;22.4;4.34
733600;0;21.2;4.02
733601;0;19.5;3.59
733602;0;19.1;3.48
733603;1;19.5;3.58
733604;0;18.3;3.28
733605;0;19.6;3.59
733606;0;21.2;3.99
733607;0;25.1;5.01
733608;0;25.2;5.03
733609;0;23.2;4.49
733610;0;24.3;4.77
733611;0;24.2;4.73
733612;0;26;5.21
733613;0;22.8;4.35
733614;0;21.6;4.04
733615;0;21.3;3.95
733616;0;23;4.38
733617;0;22.6;4.27
733618;0;22.3;4.18
733619;0;22.4;4.2
733620;0;21.7;4.01
733621;0;22.4;4.18
733622;0;23.9;4.55
733623;0;26.5;5.23
733624;0;26.4;5.19
733625;0;26.6;5.23
733626;0;24.2;4.59
733627;0;24.4;4.63
733628;0;22.4;4.11
733629;0;22.6;4.15
733630;0;23.2;4.29
733631;0;23.2;4.28
733632;0;22.4;4.07
733633;0;23.8;4.41
733634;0;23.4;4.3
733635;0;21.7;3.87
733636;0;21;3.69
733637;0;21.4;3.78
733638;0;22.8;4.11
733639;0;22.5;4.02
733640;0;24;4.38
733641;0;23.2;4.17
733642;0;24.4;4.45
733643;0;21.5;3.74
733644;0;20.2;3.43
733645;0;22.8;4.03
733646;0;23.4;4.16
733647;0;23.4;4.15
733648;0;22.8;3.99
733649;0;23.6;4.17
733650;0;17.4;2.75
733651;0;18.7;3.02
733652;0;21;3.53
733653;0;20.2;3.33
733654;0;21.6;3.64
733655;0;20.8;3.45
733656;4.1;16.4;2.49
733657;4.4;14;2
733658;0;15.8;2.35
733659;0;20.6;3.36
733660;0;20;3.22
733661;0;20.2;3.25
733662;0;19.9;3.18
733663;0;16.7;2.5
733664;0;17.6;2.67
733665;0;18.8;2.91
733666;0;20.3;3.22
733667;0;20.6;3.28
733668;0;19.5;3.03
733669;0.9;17.6;2.63
733670;0;19.9;3.1
733671;0;21;3.32
733672;0.9;19.2;2.93
733673;8.6;14.8;2.05
733674;39.1;14.9;2.06
733675;0;14.6;2
733676;0;14.9;2.05
733677;2.2;14.4;1.95
733678;0.1;14.2;1.91
733679;13.4;13.9;1.84
733680;0;14.6;1.97
733681;0;14.3;1.9
733682;0;14.4;1.92
733683;0;15.4;2.09
733684;0;13.4;1.73
733685;0;12.4;1.55
733686;0;14.1;1.84
733687;0;15.2;2.03
733688;0;13.6;1.74
733689;12.3;12.8;1.59
733690;0;11;1.29
733691;8.2;13;1.62
733692;4.4;15.8;2.1
733693;2.2;13.8;1.74
733694;0;14.8;1.91
733695;0;14;1.76
733696;0;14.8;1.9
733697;0;15.2;1.96
733698;0;14;1.75
733699;1.1;12;1.41
733700;2.7;13;1.57
733701;6.9;14.4;1.8
733702;2;14;1.72
733703;26.5;9.6;1.03
733704;1.7;11.2;1.26
733705;0;12.8;1.51
733706;0;13.2;1.57
733707;0;13.5;1.61
733708;0;13.4;1.59
733709;6.3;7.4;0.71
733710;0.2;4.8;0.39
733711;14.8;5.4;0.46
733712;152.3;7;0.65
733713;17.7;5.9;0.51
733714;2;5.6;0.48
733715;5;5.4;0.45
733716;2.6;5.5;0.46
733717;10.4;6.1;0.53
733718;0;6.6;0.59
733719;0;6.9;0.63
733720;0;8.2;0.79
733721;0;9.4;0.95
733722;0;9.9;1.01
733723;0;8.6;0.83
733724;0;8.6;0.83
733725;0;6.5;0.57
733726;0;5.2;0.42
733727;0;6.8;0.6
733728;0;9;0.87
733729;0;9;0.87
733730;0;9;0.87
733731;0.1;7.8;0.72
733732;0;7.2;0.64
733733;0;8;0.74
733734;0;7.5;0.67
733735;0;8;0.73
733736;0;6.6;0.56
733737;0;2.7;0.17
733738;1.2;0.1;0
733739;0;4.2;0.3
733740;11.7;3.6;0.25
733741;37.7;3.4;0.23
733742;25.2;0.8;0.03
733743;3.2;1.6;0.08
733744;0.1;0.6;0.02
733745;22.7;1.6;0.08
733746;0.8;4.8;0.36
733747;6.1;7.4;0.65
733748;0.5;8.5;0.78
733749;16.2;8.1;0.73
733750;24.6;7;0.6
733751;11.8;3.9;0.27
733752;0.1;1.6;0.08
733753;0;1.4;0.07
733754;5.2;2.8;0.17
733755;107.1;3.2;0.21
733756;13.2;1.4;0.07
733757;0;-0.4;0
733758;0;0.8;0.03
733759;0;3;0.19
733760;0;4.3;0.31
733761;0;6.2;0.5
733762;0;9.2;0.86
733763;0;11;1.1
733764;0;8.1;0.72
733765;0;6.1;0.49
733766;0;5.8;0.46
733767;0;5.8;0.46
733768;0;5;0.38
733769;2.4;4.6;0.34
733770;10.3;6.8;0.57
733771;1.1;7.6;0.67
733772;0;8.2;0.74
733773;3.9;10.4;1.02
733774;4.5;9;0.75
733775;48.6;7.9;0.62
733776;44.5;6.6;0.48
733777;0.1;4.4;0.27
733778;0.6;3.6;0.2
733779;0;1.1;0.04
733780;0;-0.2;0
733781;0;-0.9;0
733782;0;-2;0
733783;0;-3.6;0
733784;0;0.4;0.01
733785;0;2.8;0.14
733786;27.9;1.7;0.07
733787;0;3;0.15
733788;0;4.2;0.25
733789;0.1;6.4;0.47
733790;0.4;4.8;0.31
733791;0;5.4;0.37
733792;90.6;6.9;0.52
733793;5.5;1.8;0.07
733794;0;0.6;0.01
733795;96;5.6;0.39
733796;91.5;8.9;0.76
733797;54.7;6.2;0.45
733798;26.9;3.8;0.22
733799;0;2.3;0.11
733800;0.1;3.4;0.19
733801;0.3;6;0.44
733802;0.1;6.2;0.46
733803;9.4;8.2;0.69
733804;21.4;2.6;0.13
733805;57.6;3.8;0.23
733806;15.9;3.6;0.21
733807;38;4.2;0.26
733808;40.4;4.7;0.31
733809;65;3.2;0.18
733810;3.6;1.5;0.06
733811;0.7;2.2;0.1
733812;0.8;2.8;0.15
733813;0.3;7.4;0.61
733814;4;5.7;0.42
733815;0;5.4;0.39
733816;0;7.2;0.59
733817;0;8;0.69
733818;0;6.6;0.53
733819;0;6.4;0.5
733820;0;4.6;0.31
733821;0;4.2;0.27
733822;0;6;0.46
733823;0;6.8;0.56
733824;0;5.9;0.45
733825;0;5.6;0.42
733826;0;7.6;0.66
733827;0;8.7;0.81
733828;0;8.8;0.83
733829;0.6;7.6;0.67
733830;0;9.8;0.97
733831;0;10.5;1.08
733832;7.6;5.8;0.46
733833;7.8;5.6;0.43
733834;18.6;5.6;0.44
733835;13.1;5;0.37
733836;38.9;5;0.37
733837;40.6;4.8;0.35
733838;0;5.4;0.42
733839;0;9.9;1.02
733840;0;12.2;1.38
733841;0;11;1.19
733842;0;11.1;1.21
733843;0;13.2;1.57
733844;0;11.8;1.34
733845;0;14;1.72
733846;0;15;1.91
733847;0;14.4;1.8
733848;0;13.9;1.72
733849;0;10.3;1.11
733850;0;11.2;1.26
733851;0;12.8;1.54
733852;0;11.8;1.37
733853;0;12.7;1.53
733854;0;8.6;0.87
733855;0;11.4;1.32
733856;6.1;9.5;1.01
733857;0;13;1.61
733858;0;14.4;1.87
733859;0;14.3;1.86
733860;5.5;10;1.11
733861;6.8;3;0.19
733862;1.3;5;0.41
733863;0;5.5;0.47
733864;0;6.8;0.64
733865;0;7.4;0.73
733866;0;9.4;1.03
733867;0;11.4;1.37
733868;0;13.9;1.84
733869;0;14.8;2.02
733870;0.9;7.4;0.74
733871;0;8.4;0.89
733872;0;10.4;1.22
733873;2.4;7;0.69
733874;0.5;5.6;0.5
733875;0;6.2;0.58
733876;0;8.2;0.87
733877;3.4;6.5;0.62
733878;29;5.1;0.44
733879;12.4;5.9;0.55
733880;8.9;6.8;0.67
733881;17.1;7.6;0.79
733882;24.2;8.6;0.95
733883;0;9.5;1.1
733884;0;10.5;1.28
733885;0;12.7;1.7
733886;0;12.8;1.72
733887;0;17.1;2.63
733888;0;8.4;0.94
733889;41.9;4.3;0.35
733890;0;8.1;0.89
733891;0;7;0.72
733892;0;11.2;1.44
733893;0;8.7;1
733894;0;12.6;1.72
733895;0;12.2;1.64
733896;0;14.6;2.14
733897;0;14.8;2.19
733898;0;16.2;2.5
733899;0;16.1;2.49
733900;0;17.2;2.75
733901;0;16.2;2.52
733902;4.7;15.1;2.28
733903;0;14.6;2.18
733904;0;12.9;1.82
733905;0;10.2;1.3
733906;0;10.6;1.38
733907;0;11.2;1.49
733908;0;11.6;1.58
733909;0;14.7;2.23
733910;0;15.4;2.39
733911;0;14.4;2.17
733912;0;17;2.77
733913;0;20.9;3.75
733914;0;16;2.55
733915;0.7;16.8;2.74
733916;2.7;11.4;1.56
733917;9.1;10.4;1.37
733918;0;12.4;1.77
733919;0;14.7;2.27
733920;0;16;2.57
733921;0;16.8;2.77
733922;0;19.6;3.47
733923;0;21.2;3.9
733924;0;19.4;3.43
733925;0;22.2;4.18
733926;0;20.2;3.65
733927;0;17.2;2.89
733928;0;15.4;2.46
733929;4.9;12.4;1.8
733930;8.1;11.3;1.57
733931;0;12.8;1.89
733932;0;12;1.72
733933;0;13.9;2.13
733934;0;18.3;3.19
733935;0;22.8;4.4
733936;0;26.6;5.51
733937;0;27;5.66
733938;0;24.6;4.92
733939;3.4;22.2;4.24
733940;0;20.4;3.75
733941;0.4;23.1;4.5
733942;0;23.4;4.59
733943;0;23.8;4.7
733944;0;25.9;5.32
733945;0;25.2;5.11
733946;0;22.8;4.42
733947;0;22.4;4.31
733948;0;20.1;3.68
733949;0;16.5;2.76
733950;0;17.2;2.93
733951;0;16.8;2.83
733952;0;17.6;3.03
733953;0;19.4;3.49
733954;0;22.4;4.31
733955;0;23.6;4.65
733956;0;24.6;4.93
733957;0;23.7;4.67
733958;0;24.3;4.84
733959;0;23.5;4.61
733960;0;21.9;4.16
733961;0;19.9;3.61
733962;0;20.6;3.8
733963;0;20.6;3.79
733964;0;20.6;3.79
733965;0;21.2;3.95
733966;0;23.8;4.67
733967;0;24.2;4.78
733968;0;20.4;3.72
733969;0;21.9;4.12
733970;0;23.8;4.65
733971;0;22.5;4.28
733972;0;20.4;3.7
733973;0;22.1;4.16
733974;0.8;26;5.26
733975;0;30.5;6.61
733976;0;25.2;5.01
733977;0;22.1;4.13
733978;0;25.2;5
733979;0;27.4;5.68
733980;0;28.8;6.12
733981;0;27.9;5.83
733982;0;27.3;5.62
733983;0;28.6;6.02
733984;0;27.4;5.63
733985;0;25.1;4.91
733986;0;23;4.31
733987;0;20.6;3.66
733988;0;22.4;4.13
733989;0;23.6;4.45
733990;0;24.2;4.6
733991;0;23;4.27
733992;0;23.4;4.37
733993;0;19.5;3.34
733994;0;18.6;3.11
733995;0;20.4;3.55
733996;6.6;22.1;3.98
733997;0;22.6;4.1
733998;0;24.2;4.52
733999;0;25.3;4.81
734000;0;26.4;5.11
734001;0;26.8;5.22
734002;0;24.8;4.64
734003;0;25.3;4.76
734004;0;25;4.67
734005;0;24.9;4.63
734006;0;24.6;4.54
734007;0;28;5.53
734008;0;26.6;5.06
734009;0;22.5;3.95
734010;0;19.6;3.22
734011;0;20.6;3.46
734012;0;24;4.31
734013;0;25.3;4.64
734014;0;24.9;4.52
734015;0;26.8;5.03
734016;0;27;5.08
734017;0;21.8;3.69
734018;0;20.1;3.27
734019;0;21.6;3.62
734020;0;23.4;4.05
734021;0;24.6;4.35
734022;0;22.6;3.83
734023;0;23.4;4.02
734024;0;22.2;3.71
734025;0;21.2;3.46
734026;0;20.6;3.31
734027;0;19.1;2.95
734028;0.7;19.4;3.01
734029;39.4;18;2.69
734030;17.3;15.2;2.1
734031;0.1;14;1.85
734032;0.1;13;1.66
734033;0.4;12;1.47
734034;1.5;11.4;1.36
734035;0;12.4;1.53
734036;0;15.1;2.04
734037;0;16;2.21
734038;0;15.8;2.16
734039;0;17;2.4
734040;0;18.5;2.7
734041;0;18.4;2.67
734042;7.3;15.4;2.05
734043;0;14.1;1.8
734044;3.4;15.4;2.04
734045;0.3;15;1.96
734046;6.3;15.5;2.05
734047;0;14.5;1.85
734048;0;17.2;2.37
734049;0;17.4;2.4
734050;0;19.2;2.76
734051;0;21.2;3.18
734052;0;21.4;3.21
734053;0;19.4;2.77
734054;0.8;15.6;2.01
734055;0;15.9;2.06
734056;0;17.6;2.38
734057;0;18.2;2.49
734058;0;19.7;2.79
734059;0;16.8;2.2
734060;0;17.2;2.27
734061;0;16.6;2.15
734062;0;17.1;2.24
734063;0;15.1;1.86
734064;0;15.4;1.91
734065;0;14.5;1.74
734066;32.9;11.8;1.28
734067;13.8;8.6;0.81
734068;76.3;12.5;1.39
734069;0;12.2;1.34
734070;0;16.8;2.12
734071;0;18.5;2.43
734072;0;17.3;2.2
734073;0;16.8;2.1
734074;0;17.2;2.17
734075;0.1;19.4;2.57
734076;0;19.2;2.53
734077;0;19.8;2.63
734078;0;18.6;2.4
734079;0;11;1.11
734080;0;11.5;1.18
734081;1.3;11.1;1.12
734082;0;8.2;0.72
734083;1.2;8.9;0.81
734084;1.3;10.2;0.98
734085;0.1;7.6;0.64
734086;0;8.4;0.73
734087;0;9.8;0.92
734088;0;10.6;1.02
734089;0;11.8;1.19
734090;0;13.9;1.51
734091;0;14.3;1.57
734092;0;17.2;2.05
734093;0;17;2.01
734094;0;14.2;1.54
734095;0;15.2;1.7
734096;5.5;10.2;0.95
734097;0;10;0.92
734098;0;11.8;1.16
734099;0;7.2;0.57
734100;0;8.1;0.67
734101;0;10.8;1.02
734102;0.4;10;0.91
734103;19.4;8.9;0.76
734104;0;6.4;0.47
734105;0;7.4;0.58
734106;49.5;6;0.43
734107;0.3;3;0.16
734108;0;4.4;0.27
734109;7.6;9.1;0.78
734110;7.1;6.2;0.44
734111;0;5.8;0.4
734112;0;5.4;0.36
734113;0;5.4;0.36
734114;0;5.4;0.36
734115;0.8;9.5;0.82
734116;0;7.6;0.59
734117;0;7.6;0.59
734118;0;8.4;0.68
734119;0;9.6;0.83
734120;0;6.4;0.46
734121;0;0.2;0
734122;0;0.2;0
734123;38.8;7;0.52
734124;8.4;7.3;0.55
734125;60.2;8.2;0.66
734126;8;2.3;0.1
734127;0;1.5;0.06
734128;112.1;9.2;0.77
734129;124.7;9.8;0.85
734130;132.8;10.6;0.95
734131;133.3;11.1;1.02
734132;79.1;9.5;0.81
734133;65.5;5.4;0.36
734134;0;5.4;0.36
734135;49.2;9.8;0.85
734136;77.5;11.6;1.09
734137;46.3;8.4;0.68
734138;36.1;4.9;0.31
734139;7.8;5.2;0.36
734140;0;6;0.44
734141;12.2;7.8;0.64
734142;36.7;8;0.66
734143;48.2;5.4;0.38
734144;16.8;5;0.34
734145;43.6;2.4;0.12
734146;2.7;-3;0
734147;0;-1.4;0
734148;11.8;-0.3;0
734149;9.5;5.6;0.4
734150;65.2;7.4;0.6
734151;64.6;8.4;0.72
734152;6.5;8.2;0.69
734153;0;6.4;0.49
734154;0;9.2;0.82
734155;0;10;0.93
734156;0;11.8;1.17
734157;1;9.6;0.88
734158;0;6.8;0.54
734159;0;6.4;0.49
734160;0;7.6;0.63
734161;11.3;7;0.56
734162;0.7;4.6;0.31
734163;3.7;4.8;0.33
734164;10.6;2.8;0.15
734165;9.1;3.6;0.22
734166;0.1;5;0.35
734167;0;2.7;0.15
734168;0;4.2;0.28
734169;0;3.6;0.22
734170;0;4.5;0.31
734171;0;5.1;0.37
734172;3.8;8.7;0.79
734173;34.3;7.6;0.65
734174;16.8;6;0.47
734175;0.1;7;0.59
734176;0;10.2;1
734177;41.9;7;0.59
734178;2.9;4.7;0.34
734179;36.9;6.6;0.55
734180;0;4.1;0.28
734181;13.2;2.8;0.16
734182;19.8;2.1;0.11
734183;3.4;1.5;0.07
734184;54.2;5.6;0.44
734185;47.6;6.6;0.56
734186;44.7;4.1;0.28
734187;15;4.6;0.33
734188;29.8;4.4;0.32
734189;0;3.2;0.2
734190;19;7.1;0.63
734191;51.6;8.3;0.79
734192;36.2;8;0.75
734193;13.3;9.2;0.92
734194;31.9;8.6;0.83
734195;30.3;11.2;1.22
734196;3.4;13;1.51
734197;18.5;7;0.63
734198;2.4;6.2;0.53
734199;18.5;8.2;0.79
734200;46.8;5.9;0.5
734201;31.2;6.6;0.59
734202;1.1;7.6;0.72
734203;10.3;6.6;0.59
734204;10.5;6.5;0.58
734205;10;6;0.52
734206;36.9;5.5;0.46
734207;14.6;5;0.4
734208;1.2;4;0.29
734209;3.3;5.6;0.48
734210;0.4;3.2;0.22
734211;0.3;3.1;0.21
734212;0.1;5.6;0.48
734213;0;8.4;0.86
734214;0;10.5;1.19
734215;0;14.4;1.87
734216;3.1;15;1.99
734217;0;14.2;1.84
734218;0;11;1.29
734219;0;11.1;1.31
734220;0;12.2;1.5
734221;0;11.5;1.38
734222;23;8.2;0.86
734223;0;7.6;0.77
734224;0;9.8;1.11
734225;0;11.5;1.4
734226;11.3;8.8;0.96
734227;0;7;0.7
734228;0;6.4;0.61
734229;0;7;0.7
734230;0;8;0.85
734231;0;9.6;1.1
734232;0;7.2;0.74
734233;0;10;1.18
734234;0;11;1.35
734235;0;12;1.54
734236;0;11.2;1.4
734237;0;11.2;1.4
734238;0;9.6;1.13
734239;0;11.8;1.52
734240;0;9;1.04
734241;0;9.6;1.14
734242;0;11.4;1.46
734243;0;12.8;1.73
734244;0.1;10.3;1.27
734245;4.7;10.4;1.29
734246;13.8;10.3;1.28
734247;0;10.8;1.37
734248;0;15.2;2.24
734249;0;14;2
734250;12.2;10.3;1.29
734251;0.1;10.9;1.41
734252;0;12.5;1.71
734253;0;15.8;2.4
734254;0;15.7;2.38
734255;0;19;3.14
734256;0;21.2;3.68
734257;0;17.3;2.76
734258;0;15.8;2.43
734259;0;13.6;1.97
734260;0;14;2.06
734261;0;11.8;1.62
734262;0;7.9;0.92
734263;0;7.6;0.87
734264;0;9.6;1.21
734265;0;9;1.11
734266;0;10.6;1.41
734267;34.9;11;1.49
734268;3;11.5;1.59
734269;8.8;9;1.12
734270;1.8;8.2;0.98
734271;0;7.7;0.9
734272;0;8;0.95
734273;0;10;1.31
734274;0;11.6;1.63
734275;0;13.9;2.11
734276;0;17.8;3.01
734277;0;20;3.55
734278;0;17.6;2.97
734279;0;19.4;3.42
734280;0;19;3.32
734281;0;16.8;2.79
734282;0;15.4;2.47
734283;0;14.2;2.21
734284;0;14.4;2.26
734285;0;13.2;2
734286;0;12.3;1.81
734287;0;16.1;2.66
734288;0;18.6;3.27
734289;0;21.6;4.05
734290;0;23.2;4.49
734291;0;22.6;4.33
734292;0;21.7;4.09
734293;0;21.1;3.93
734294;0;21.2;3.97
734295;0;18.8;3.35
734296;0;18.5;3.27
734297;0;15.6;2.57
734298;95.6;11.4;1.65
734299;8.3;10.8;1.53
734300;6;10.1;1.39
734301;0.1;11.9;1.75
734302;18.9;11.8;1.73
734303;0;13.6;2.12
734304;0;15.1;2.47
734305;0;14.8;2.4
734306;0;16.4;2.78
734307;0;15.1;2.47
734308;0;13.6;2.13
734309;0;15.7;2.61
734310;0;16.2;2.73
734311;0;19.2;3.48
734312;0;20;3.69
734313;0;21.2;4.01
734314;0;18;3.18
734315;0;18.2;3.23
734316;0;19.6;3.58
734317;0;20.2;3.74
734318;0;21.5;4.09
734319;0;22.5;4.36
734320;0;23.1;4.52
734321;0;24.2;4.83
734322;0;22.2;4.27
734323;0;23.8;4.71
734324;0;26.8;5.6
734325;0;26.4;5.46
734326;0;26.9;5.63
734327;0;26.3;5.42
734328;0;24.2;4.81
734329;0;24.6;4.92
734330;0;24.4;4.86
734331;0;24;4.74
734332;0;21.9;4.16
734333;0;22;4.18
734334;0;21.8;4.12
734335;0;21.9;4.14
734336;0;23.6;4.6
734337;0;25;4.99
734338;0;24;4.7
734339;0;22.8;4.36
734340;0;21.7;4.06
734341;0;21.7;4.05
734342;0;22.2;4.18
734343;0;23.2;4.44
734344;0;24.5;4.79
734345;0;25.4;5.04
734346;0;25.5;5.06
734347;0;25.2;4.96
734348;0;24.2;4.68
734349;0;26.2;5.23
734350;0;25;4.88
734351;0;24.8;4.81
734352;0;24.6;4.75
734353;0;23.2;4.36
734354;0;23.2;4.35
734355;0;25.4;4.94
734356;0;24.4;4.66
734357;0;26.4;5.2
734358;0;27.2;5.45
734359;0;28.6;5.88
734360;0;27.6;5.56
734361;0;28.4;5.79
734362;0;26.2;5.08
734363;0;23;4.21
734364;0;21.7;3.87
734365;0;21.8;3.88
734366;0;20;3.42
734367;1;16.7;2.64
734368;0.4;19;3.17
734369;0;20.5;3.52
734370;0;22.8;4.08
734371;0;24.9;4.62
734372;0;25.8;4.84
734373;0;23.2;4.15
734374;0;23.6;4.24
734375;0;25.7;4.78
734376;0;30.8;6.15
734377;0;30.1;5.98
734378;0;26.6;4.98
734379;0;25.1;4.57
734380;0;26.3;4.87
734381;0;24.2;4.31
734382;0;22.1;3.78
734383;0;20.4;3.36
734384;0;22;3.73
734385;0;22.4;3.82
734386;0;23.9;4.17
734387;0;22.7;3.86
734388;0;18.2;2.81
734389;0.3;17.3;2.61
734390;0;19.4;3.06
734391;0;20;3.19
734392;0;21.4;3.5
734393;0;22.4;3.72
734394;0;24;4.09
734395;0;25.1;4.35
734396;0;25.6;4.46
734397;4.2;20.2;3.17
734398;32.9;14;1.88
734399;0;16.2;2.3
734400;0;18;2.67
734401;6.9;17.2;2.49
734402;0;17.6;2.56
734403;0;18.4;2.72
734404;1;16.4;2.3
734405;0;15.4;2.1
734406;0;16.4;2.29
734407;0;14.5;1.91
734408;0;14.3;1.87
734409;0;14.8;1.96
734410;0;17.2;2.42
734411;0;18.3;2.63
734412;0;17.1;2.38
734413;0;18.5;2.65
734414;10.7;14.4;1.85
734415;22.6;12.4;1.49
734416;0;13.4;1.66
734417;0;14.8;1.91
734418;0;14.7;1.88
734419;0;18;2.5
734420;15;13;1.57
734421;1.8;10;1.08
734422;0.1;10.8;1.2
734423;0;12.2;1.42
734424;0;12.2;1.41
734425;0;12;1.38
734426;0;12.4;1.44
734427;0;11.6;1.3
734428;0;11.6;1.3
734429;0;11.5;1.28
734430;0;11.8;1.32
734431;0;11.6;1.28
734432;0;11.4;1.25
734433;0;11.6;1.28
734434;0;11.6;1.27
734435;0;12.2;1.36
734436;0;12.8;1.45
734437;0;11.4;1.23
734438;0;12.8;1.44
734439;0;13.9;1.62
734440;0.8;13.6;1.56
734441;30.8;8.8;0.84
734442;53.2;9.1;0.88
734443;0;8;0.73
734444;0;10.3;1.04
734445;0;12;1.29
734446;0;14.4;1.66
734447;0;14.2;1.63
734448;0;12.6;1.37
734449;0;11;1.12
734450;23.5;8.6;0.79
734451;94.5;9.3;0.88
734452;0;8.2;0.73
734453;0;8.7;0.8
734454;0;10.4;1.02
734455;0;10.4;1.02
734456;21.1;9.8;0.93
734457;0;6.4;0.51
734458;0;7.4;0.62
734459;20.9;7.7;0.66
734460;0.1;6.8;0.55
734461;0;8;0.69
734462;11.2;9.4;0.87
734463;2.3;7.4;0.61
734464;0.1;6.2;0.48
734465;16.8;7.4;0.61
734466;49;8;0.68
734467;0;8.6;0.75
734468;5;9.3;0.84
734469;35.7;8.6;0.75
734470;0.2;5;0.35
734471;25;7.7;0.64
734472;9.4;6.4;0.49
734473;31.9;4.6;0.31
734474;5.1;4.2;0.27
734475;0;2.4;0.12
734476;0;6;0.44
734477;21.4;13.2;1.36
734478;71.8;13;1.33
734479;19.7;12.8;1.3
734480;0.3;14.1;1.49
734481;0;14;1.47
734482;0;13.9;1.46
734483;0;13.9;1.45
734484;0;11.2;1.07
734485;0;10.6;0.99
734486;0;9.4;0.83
734487;0;5.4;0.38
734488;0;4.1;0.25
734489;0;7.5;0.6
734490;65.6;7.7;0.62
734491;31.9;7.9;0.65
734492;19.9;8.1;0.67
734493;113.3;6.5;0.49
734494;47.9;5.4;0.38
734495;14.6;4.5;0.29
734496;0;3.4;0.19
734497;4.1;4.2;0.26
734498;1.1;9;0.78
734499;0;7.8;0.63
734500;0;8.8;0.75
734501;0;11.4;1.09
734502;11.9;9.4;0.83
734503;3.8;9;0.78
734504;3.3;9.5;0.77
734505;0;7.4;0.53
734506;0;6.9;0.48
734507;0;9;0.72
734508;0.1;9.4;0.77
734509;1.8;11;0.97
734510;17.5;9.9;0.83
734511;16.5;10.8;0.95
734512;11.4;7.4;0.54
734513;0;6;0.39
734514;0.1;8.4;0.65
734515;0;9.2;0.75
734516;0;10.2;0.88
734517;0;9.2;0.75
734518;0;10.1;0.87
734519;0;7.8;0.59
734520;0;9.6;0.81
734521;0;8.6;0.68
734522;0;7.4;0.55
734523;0;7.2;0.53
734524;0;6.6;0.46
734525;0;5;0.31
734526;3.7;3.4;0.17
734527;0.2;5.9;0.39
734528;1.6;7.7;0.59
734529;3.7;7.2;0.53
734530;39.9;6;0.41
734531;51.9;5.2;0.33
734532;9.7;5;0.31
734533;1.1;3.6;0.19
734534;0;2.8;0.13
734535;0;2.2;0.09
734536;0;3;0.15
734537;0;5;0.32
734538;0;7.4;0.57
734539;0;8.5;0.71
734540;0;9.2;0.8
734541;0;8.9;0.76
734542;0;7;0.53
734543;0;6.8;0.51
734544;0;8;0.65
734545;0;7;0.54
734546;0;8.2;0.68
734547;21.5;6.6;0.49
734548;19;6.8;0.52
734549;91.6;6.9;0.53
734550;30.4;7.4;0.59
734551;3.7;7.9;0.66
734552;0;8.5;0.74
734553;4;9;0.8
734554;17.5;9.6;0.89
734555;0;10.1;0.96
734556;0;10.7;1.05
734557;0;11.2;1.13
734558;0;11.8;1.23
734559;0;12.3;1.31
734560;0;12.8;1.4
734561;0;10.2;1
734562;0;4.8;0.32
734563;0;3.1;0.17
734564;0;3.1;0.17
734565;0;3.4;0.19
734566;7.9;3.9;0.24
734567;0.2;6.6;0.53
734568;0.7;8;0.71
734569;0;7.8;0.68
734570;3.5;7.7;0.67
734571;29.3;6.7;0.55
734572;1.2;7.8;0.69
734573;11.9;7;0.59
734574;10.7;7;0.59
734575;11.2;7.3;0.63
734576;23;7.2;0.62
734577;1.1;5.4;0.4
734578;0.3;7.1;0.61
734579;0;8.5;0.81
734580;0;10.2;1.06
734581;0;12;1.36
734582;0;13;1.54
734583;0;10.8;1.17
734584;0;8.4;0.8
734585;0;9;0.9
734586;0;13.4;1.64
734587;0;12.2;1.43
734588;0;10.9;1.21
734589;0.1;10.2;1.1
734590;0;10.8;1.2
734591;2;9.6;1.01
734592;0;12.6;1.52
734593;0;13.8;1.75
734594;0;17.4;2.49
734595;0;17.9;2.61
734596;21.3;13.9;1.79
734597;0;12.4;1.51
734598;0;15;2.02
734599;0;18;2.67
734600;0;18.2;2.72
734601;0;20.5;3.26
734602;0;16.7;2.4
734603;0;15.7;2.2
734604;0;16.3;2.33
734605;0;14.3;1.92
734606;0;17.4;2.59
734607;0;17.9;2.71
734608;0;16.8;2.47
734609;0;13.6;1.8
734610;0;14.4;1.97
734611;3.4;13.5;1.79
734612;0.9;12.2;1.54
734613;0;13.7;1.84
734614;39.3;10.6;1.25
734615;43.5;8.4;0.89
734616;24.1;9.8;1.12
734617;10.1;9;0.99
734618;8.7;11.8;1.49
734619;34.3;13;1.73
734620;0.1;13.3;1.79
734621;0;13.8;1.9
734622;12.6;11;1.35
734623;14.9;9;1
734624;1.3;10;1.18
734625;17.4;10.2;1.22
734626;9;12;1.56
734627;0.4;13.2;1.81
734628;0.1;14.1;2
734629;0;16.1;2.45
734630;1.2;9.9;1.18
734631;0;13.6;1.91
734632;0;16.4;2.53
734633;0;19.2;3.22
734634;0.4;16.8;2.64
734635;0;16.4;2.55
734636;0;18.8;3.14
734637;0;19.2;3.25
734638;0;18.8;3.15
734639;0;16.2;2.52
734640;0;16;2.48
734641;0;15.2;2.3
734642;30.9;14.6;2.17
734643;1.9;13.5;1.93
734644;0;16;2.5
734645;0;17.4;2.84
734646;0;17.4;2.85
734647;0;20.8;3.73
734648;0;20.4;3.63
734649;0;18.4;3.11
734650;0;19.3;3.35
734651;1;19.2;3.33
734652;0;17.3;2.85
734653;0;14.8;2.25
734654;0;16.2;2.59
734655;4.3;17.7;2.96
734656;0;15.8;2.5
734657;0;16;2.55
734658;0;16.4;2.65
734659;0;16.8;2.75
734660;9.7;15.5;2.43
734661;27.1;11.8;1.62
734662;0;12.1;1.68
734663;0;13.4;1.96
734664;0;14;2.09
734665;0;17.4;2.91
734666;0;19.9;3.56
734667;0;19.8;3.54
734668;0;20.1;3.62
734669;0;21.6;4.04
734670;0;22.2;4.21
734671;0;22;4.15
734672;0;19.8;3.54
734673;0;20.4;3.71
734674;0;21.8;4.1
734675;0;22.5;4.3
734676;0;23.2;4.5
734677;0;22.4;4.27
734678;0;21.4;3.99
734679;0;24.7;4.95
734680;0;24.4;4.86
734681;0;24.4;4.85
734682;0;24.4;4.85
734683;0;25.6;5.21
734684;0;25.8;5.27
734685;0;25.2;5.09
734686;0;25.5;5.17
734687;0;17.5;2.93
734688;0;17.2;2.85
734689;0;21.8;4.08
734690;0;23.4;4.53
734691;0;20.8;3.79
734692;0;20.5;3.71
734693;0;22;4.12
734694;0;22.2;4.17
734695;0;22.2;4.17
734696;0;21.4;3.94
734697;0;20.2;3.6
734698;0;21.4;3.93
734699;0;21.8;4.03
734700;0;23.7;4.57
734701;0;20.5;3.66
734702;0;17.2;2.81
734703;0;18.4;3.1
734704;0;20.7;3.7
734705;0;23.4;4.45
734706;0;21.6;3.93
734707;0;19.1;3.26
734708;0;19.4;3.33
734709;0;21.8;3.97
734710;0;23.9;4.55
734711;0;25.1;4.89
734712;0;23.2;4.33
734713;0;22.8;4.21
734714;0;22.6;4.15
734715;0;23.4;4.36
734716;0;19.5;3.31
734717;0;18;2.93
734718;0;20.5;3.55
734719;0;22.3;4.02
734720;0;22.9;4.18
734721;0;23.6;4.36
734722;0;24;4.46
734723;0;25.9;4.99
734724;0;25;4.72
734725;0;24;4.43
734726;0;24.2;4.48
734727;0;21.8;3.81
734728;0;21.4;3.7
734729;0;25;4.66
734730;0;25;4.65
734731;0;26.2;4.98
734732;0;24.5;4.49
734733;0;24;4.34
734734;0;27.6;5.39
734735;0;28.6;5.67
734736;0.1;20.6;3.42
734737;0;18.7;2.95
734738;0;20.4;3.35
734739;0;21.1;3.52
734740;0;21.8;3.68
734741;0;19.6;3.13
734742;0;20.9;3.44
734743;0;22.8;3.91
734744;0;22.8;3.89
734745;0;20.6;3.33
734746;0;18.3;2.78
734747;42.1;18.8;2.89
734748;30.4;19.4;3.02
734749;0;20;3.15
734750;0;20;3.14
734751;0;20.5;3.25
734752;0;21;3.36
734753;0;22.1;3.61
734754;0;22.9;3.8
734755;0;23.6;3.97
734756;0;20;3.08
734757;0;19.8;3.02
734758;0;21.4;3.39
734759;0;21.6;3.43
734760;0;22;3.51
734761;0;21;3.26
734762;0;20.2;3.07
734763;0;19.1;2.81
734764;0;18.1;2.58
734765;0;17.8;2.51
734766;0;19.6;2.89
734767;0;18;2.54
734768;0;16.6;2.24
734769;0;14;1.72
734770;0;15.2;1.95
734771;0;17.9;2.48
734772;0;20.2;2.97
734773;0;20;2.91
734774;0;18.4;2.56
734775;0;18.2;2.51
734776;0;18.6;2.58
734777;0;18;2.45
734778;0;18.6;2.57
734779;0;19;2.64
734780;0;18.8;2.59
734781;0;17.8;2.38
734782;0;19;2.62
734783;0;20.2;2.86
734784;0;16.4;2.08
734785;0;15.2;1.85
734786;0;18.8;2.54
734787;0;20.5;2.88
734788;0;20.6;2.89
734789;0;21.2;3.01
734790;0;20.4;2.83
734791;0;17.6;2.26
734792;0;17.8;2.29
734793;0;16.7;2.07
734794;0;15.5;1.85
734795;0;15.1;1.77
734796;0;16.4;2
734797;0;16.1;1.94
734798;1.1;13.6;1.5
734799;0;13.1;1.41
734800;65.9;11.6;1.17
734801;2.2;10.1;0.95
734802;0.1;10.2;0.96
734803;63.5;10.7;1.03
734804;0;10.5;0.99
734805;0;11.6;1.15
734806;0;14.4;1.59
734807;0;13.9;1.5
734808;0;12.7;1.31
734809;18;14.4;1.57
734810;108.5;10.9;1.03
734811;55.4;10.8;1.01
734812;0.1;10.6;0.98
734813;0;11.6;1.12
734814;0;10.8;1.01
734815;0;11.2;1.06
734816;0;13.7;1.43
734817;0;16.6;1.91
734818;0;17.8;2.11
734819;0;19.7;2.45
734820;0;19.4;2.39
734821;10.4;14.2;1.49
734822;8.2;12.2;1.18
734823;0;11;1.01
734824;0;11.7;1.1
734825;0;14.6;1.54
734826;37.7;13;1.29
734827;43.6;11.5;1.07
734828;0.3;9.9;0.85
734829;1.7;8.3;0.65
734830;0;6.8;0.48
734831;0;9.2;0.76
734832;0;10;0.85
734833;0;9.6;0.8
734834;0;8.5;0.67
734835;0;7.7;0.57
734836;0;8.9;0.71
734837;0;9.4;0.77
734838;0;9.8;0.82
734839;8.5;6.8;0.47
734840;0;7.2;0.51
734841;0;7;0.49
734842;0;6.4;0.43
734843;0;8.4;0.65
734844;0;9.1;0.73
734845;0;10;0.84
734846;0;8.8;0.69
734847;3.4;8.2;0.62
734848;10.8;7.2;0.51
734849;0;7.2;0.51
734850;0;7.2;0.51
734851;4.3;9.6;0.78
734852;0;6.7;0.46
734853;3.8;5.6;0.35
734854;10.6;6.2;0.4
734855;0;3.6;0.18
734856;0;4.8;0.27
734857;0;5.9;0.38
734858;0;10.6;0.91
734859;0;11.6;1.04
734860;0;11.4;1.01
734861;0;10.4;0.88
734862;0;8;0.59
734863;0;9;0.71
734864;0;7;0.49
734865;0;6.6;0.45
734866;0;6.8;0.47
734867;0;6;0.39
734868;0;8.6;0.67
734869;0;8.1;0.62
734870;0;6.5;0.44
734871;0;7.8;0.58
734872;0;10.8;0.95
734873;0;11.4;1.03
734874;0;12.6;1.2
734875;0;10.8;0.96
734876;0;8.8;0.7
734877;0;9;0.73
734878;0;7;0.5
734879;0;6.4;0.44
734880;0;6.8;0.48
734881;0;8.3;0.65
734882;0;6.5;0.45
734883;47;5.9;0.39
734884;0;2.6;0.12
734885;0;5.6;0.36
734886;0.3;6.2;0.43
734887;0;5.9;0.4
734888;0;6;0.41
734889;0;8;0.63
734890;0;7.4;0.56
734891;0;6.6;0.47
734892;0;6.6;0.47
734893;0;7.5;0.57
734894;0.1;7;0.52
734895;4.4;6;0.41
734896;0;6.5;0.47
734897;0;5;0.32
734898;0;4.9;0.31
734899;0;6.1;0.43
734900;0;6.8;0.51
734901;8.4;2.3;0.1
734902;0;-1.8;0
734903;0;-1.8;0
734904;0;2.1;0.09
734905;0;6.7;0.5
734906;0;7.8;0.63
734907;0.1;0.9;0.02
734908;0;2;0.08
734909;0;3.2;0.17
734910;0;3.8;0.22
734911;0;0.4;0.01
734912;0;0.4;0.01
734913;0;2.6;0.12
734914;0;3.8;0.22
734915;0;3.4;0.19
734916;0.5;2.9;0.15
734917;0;7;0.55
734918;0;6.5;0.5
734919;0;7.2;0.58
734920;0;6.4;0.49
734921;0;6.1;0.46
734922;0;6.8;0.54
734923;0;8.5;0.76
734924;0;8;0.69
734925;0;9.2;0.86
734926;0;9.8;0.94
734927;0;9.6;0.92
734928;0;10.4;1.04
734929;0.2;8.1;0.72
734930;4.2;5.2;0.37
734931;0;8.2;0.74
734932;0;9.4;0.91
734933;0;9.8;0.97
734934;0;9.2;0.88
734935;0;8;0.72
734936;0;9.3;0.9
734937;0;8.8;0.83
734938;0;7.6;0.67
734939;0;9.2;0.9
734940;0;10.7;1.13
734941;0;12.6;1.45
734942;0;14.8;1.85
734943;0;14.5;1.8
734944;0;8.4;0.8
734945;0;9.2;0.92
734946;0;8.8;0.86
734947;0;8;0.75
734948;0;5.9;0.48
734949;0;6.4;0.54
734950;0;9.2;0.93
734951;0;15.8;2.1
734952;0.1;12.3;1.45
734953;0;12.4;1.47
734954;0;13;1.58
734955;0;12;1.41
734956;0;11.9;1.4
734957;0;10.6;1.18
734958;0;12.4;1.49
734959;2;9.8;1.05
734960;5.9;9.8;1.06
734961;8.3;9;0.93
734962;32.8;9;0.94
734963;5.4;8.4;0.85
734964;12.5;6.8;0.62
734965;23.8;4.5;0.34
734966;10.8;7;0.65
734967;0;10.4;1.18
734968;0;14.8;2.01
734969;0;10.2;1.16
734970;0.5;10.2;1.16
734971;0.5;8.8;0.93
734972;0.7;8.3;0.86
734973;70.7;6.6;0.61
734974;0.2;6.2;0.56
734975;0;7.6;0.76
734976;0;10.8;1.28
734977;0.3;9.2;1.01
734978;2.4;7.2;0.7
734979;0;9.2;1.02
734980;0;12.6;1.64
734981;0;11.4;1.41
734982;0;10;1.16
734983;0;11.6;1.46
734984;0;11.3;1.41
734985;0;11;1.35
734986;1.6;10.6;1.28
734987;30.1;6.4;0.61
734988;45.9;6;0.55
734989;18;6.2;0.58
734990;0.2;7.8;0.82
734991;0.1;9.2;1.05
734992;10.4;9.6;1.12
734993;5;9.6;1.13
734994;62.9;9.8;1.17
734995;5.9;10.2;1.24
734996;0;12.6;1.71
734997;0;16;2.44
734998;0;19.4;3.27
734999;0;21;3.69
735000;0;22;3.96
735001;0;22.2;4.03
735002;0;23;4.25
735003;0;23.6;4.43
735004;0;23.2;4.33
735005;0;23.6;4.45
735006;0;23.4;4.4
735007;0;15.3;2.34
735008;6.5;11;1.43
735009;37;8;0.89
735010;0.5;10;1.24
735011;0;14.8;2.24
735012;0;18.4;3.11
735013;0;19.6;3.42
735014;0;19.8;3.48
735015;0;16.8;2.72
735016;0;17.2;2.83
735017;0;19.2;3.34
735018;0;18.4;3.13
735019;0;20.3;3.64
735020;0;24.3;4.76
735021;0;22.2;4.17
735022;0;18;3.05
735023;0;18.9;3.28
735024;0;19.3;3.39
735025;0;20.6;3.74
735026;0;21.3;3.94
735027;0;18.9;3.3
735028;0;16.2;2.62
735029;0;17.2;2.87
735030;0;18.8;3.28
735031;0;18.6;3.23
735032;0;16.2;2.63
735033;0;18.1;3.1
735034;0;18.6;3.23
735035;0;20.2;3.66
735036;0;21.4;3.99
735037;0;21.7;4.08
735038;0;21;3.88
735039;0;19.7;3.53
735040;0;19.6;3.5
735041;0;18.4;3.19
735042;0;21.2;3.94
735043;0;23.7;4.66
735044;0;26.2;5.41
735045;0;27.9;6
735046;0;28.7;6.25
735047;0;27.6;5.9
735048;0;26;5.34
735049;0;21.6;4.05
735050;0;19.8;3.55
735051;0;18.1;3.1
735052;0;20.6;3.76
735053;0;22.6;4.32
735054;0;23;4.43
735055;0;20.2;3.65
735056;0;20.5;3.73
735057;0;22.3;4.22
735058;0;21.8;4.08
735059;0;22.8;4.36
735060;0;20.1;3.61
735061;0;20;3.57
735062;0;22.6;4.29
735063;0;25.6;5.16
735064;0;23.4;4.51
735065;0;22.6;4.27
735066;0;21.8;4.04
735067;0;24.8;4.9
735068;0;27.1;5.62
735069;0;25.6;5.12
735070;0;25.6;5.11
735071;0;24.9;4.89
735072;0;25;4.92
735073;0;23.7;4.53
735074;0;21.8;3.99
735075;0;23.4;4.43
735076;0;19.2;3.29
735077;0;16.8;2.69
735078;0;18.1;3
735079;0;22.3;4.09
735080;0;24.9;4.82
735081;0;26;5.13
735082;0;28.1;5.8
735083;0;28.2;5.82
735084;0;27.2;5.49
735085;0;25.6;4.97
735086;0;19.8;3.37
735087;0;19.1;3.19
735088;0;20.7;3.59
735089;0;24.1;4.5
735090;0;30.4;6.31
735091;0;31.4;6.51
735092;0;30.2;6.24
735093;0;24.4;4.54
735094;0;21.6;3.77
735095;0;21.1;3.63
735096;0;20;3.34
735097;0;25;4.66
735098;0;27.6;5.43
735099;0;26.6;5.09
735100;0;27.8;5.47
735101;0;27.8;5.45
735102;0;28.9;5.75
735103;0;27.2;5.23
735104;0;23.8;4.24
735105;0;22.6;3.92
735106;0;23.1;4.04
735107;0;23;4
735108;0;23.8;4.2
735109;0;23.1;4
735110;0;23.4;4.07
735111;0;21.9;3.67
735112;0;20.8;3.39
735113;0;21.8;3.63
735114;0;21.4;3.52
735115;0;20.8;3.36
735116;0;20.4;3.25
735117;0;21.8;3.58
735118;0;22.2;3.67
735119;0;21;3.37
735120;0;20.6;3.26
735121;0;17.8;2.61
735122;0;18.1;2.67
735123;0;20.4;3.18
735124;0;22.4;3.65
735125;0;21.4;3.4
735126;0;20.9;3.27
735127;0;21;3.28
735128;0;22;3.51
735129;0;22.2;3.54
735130;0;21.4;3.34
735131;4.5;19;2.79
735132;0;18.2;2.61
735133;0;19.4;2.86
735134;0;21;3.21
735135;0;20.4;3.06
735136;0;19;2.74
735137;7.6;18;2.52
735138;20.7;17.6;2.43
735139;47.5;16;2.1
735140;14.8;14.2;1.75
735141;3.6;12.2;1.39
735142;0.1;13.6;1.63
735143;0;15;1.88
735144;0;16.2;2.1
735145;0;16.6;2.17
735146;0;19.4;2.74
735147;0;17.4;2.32
735148;0;16.7;2.17
735149;0;18.2;2.46
735150;0;19.5;2.72
735151;0;21.4;3.12
735152;0;19.5;2.7
735153;0;15.9;1.98
735154;0;14.6;1.74
735155;0;14;1.63
735156;2.4;13.2;1.49
735157;0.4;10.6;1.07
735158;0;13.6;1.54
735159;0;14.8;1.75
735160;1;13;1.43
735161;9.9;9.4;0.88
735162;0.7;9.6;0.9
735163;17;9.6;0.9
735164;3.2;14.7;1.7
735165;0;16.4;2
735166;28.3;15.7;1.86
735167;75.4;15.2;1.77
735168;52.5;14.8;1.69
735169;11.3;14.3;1.6
735170;0;13.9;1.53
735171;0;13.4;1.45
735172;27.4;12.9;1.36
735173;0.2;12.5;1.3
735174;7.4;12;1.21
735175;39.9;11.4;1.12
735176;111.2;16.3;1.91
735177;58.3;14.6;1.61
735178;4.5;9.8;0.89
735179;28.1;10;0.91
735180;40.9;11.5;1.12
735181;52.9;13;1.34
735182;25.7;11.2;1.07
735183;7.6;10;0.9
735184;17.2;7;0.53
735185;0;8;0.64
735186;0;8.4;0.69
735187;0;8.7;0.72
735188;0;9.1;0.77
735189;0;9.4;0.81
735190;29.6;9.8;0.86
735191;6.9;10.1;0.89
735192;0;10.5;0.95
735193;0;10.8;0.98
735194;1.1;11;1.01
735195;0;10.6;0.95
735196;0;10.3;0.91
735197;0;12.6;1.23
735198;0;14.3;1.48
735199;1.5;11.3;1.04
735200;0;5.3;0.33
735201;0;4.6;0.27
735202;0;4.7;0.28
735203;6.7;2.4;0.1
735204;0.1;2.6;0.11
735205;0;3.4;0.17
735206;0;4.6;0.27
735207;6;5.4;0.34
735208;13.3;6.3;0.43
735209;5.2;6.7;0.47
735210;57.6;8.8;0.7
735211;0.1;7.2;0.52
735212;0;8;0.61
735213;0;6.8;0.48
735214;0;6.8;0.47
735215;0;7.4;0.54
735216;0;7.8;0.58
735217;20.3;9.2;0.74
735218;180.3;11.4;1.03
735219;11;11.8;1.08
735220;0.4;10.1;0.85
735221;0.1;10.8;0.94
735222;0;10.7;0.93
735223;0.2;9.8;0.82
735224;0;9.9;0.83
735225;0;12.3;1.15
735226;0;14.3;1.44
735227;0;14.4;1.45
735228;15.9;10;0.84
735229;0;6.2;0.41
735230;0;6.9;0.48
735231;0;8.5;0.66
735232;0.3;8.4;0.65
735233;0;5.7;0.36
735234;3.9;6.6;0.45
735235;11.5;7.4;0.59
735236;0;5.9;0.43
735237;0;7.6;0.62
735238;0;7.3;0.58
735239;0;6.9;0.54
735240;0;6.6;0.51
735241;0;6.2;0.46
735242;0;5.8;0.42
735243;0;7.2;0.58
735244;0;8.6;0.74
735245;0;8.2;0.7
735246;0;6.8;0.53
735247;26.6;5.4;0.39
735248;0;5.7;0.42
735249;0;5.9;0.44
735250;31.4;6.2;0.47
735251;46.4;8.8;0.78
735252;70;9.1;0.82
735253;105.8;8.9;0.79
735254;69.9;8.6;0.76
735255;27.4;8.4;0.74
735256;32.9;8.1;0.7
735257;0.5;7.9;0.68
735258;44.6;7.6;0.64
735259;26.5;7.8;0.67
735260;0.2;8;0.69
735261;19.2;6;0.46
735262;0.1;6.8;0.55
735263;0;8.5;0.76
735264;0;10.2;0.99
735265;0;11.9;1.24
735266;0;10.3;1.01
735267;0.3;5.8;0.45
735268;0;4.5;0.31
735269;0;6.6;0.54
735270;0;8.8;0.82
735271;0;6.8;0.57
735272;0;3.5;0.22
735273;0;4.2;0.29
735274;0;3.8;0.25
735275;7.7;5.6;0.44
735276;9.7;4.6;0.33
735277;4.8;4;0.27
735278;0;8;0.73
735279;0;9.9;1
735280;0;10;1.01
735281;0;7.8;0.71
735282;0.1;7.5;0.68
735283;8.1;10;1.02
735284;55.3;6.4;0.54
735285;0;6.2;0.52
735286;26.6;7.2;0.65
735287;109.3;6.9;0.61
735288;13.3;4.2;0.3
735289;0;3.6;0.24
735290;0;3;0.19
735291;0;3.1;0.2
735292;0.7;3.5;0.24
735293;19.9;1.8;0.09
735294;0;4.1;0.3
735295;0;5;0.4
735296;0;7.8;0.75
735297;18;8.2;0.81
735298;70.6;8.8;0.9
735299;109.6;9.5;1
735300;189.5;11.1;1.26
735301;32.5;10.3;1.13
735302;22;9;0.94
735303;23.4;6.5;0.59
735304;27.5;6.2;0.56
735305;110.8;7.8;0.77
735306;7.3;3.8;0.28
735307;0;4.4;0.35
735308;0;6.6;0.62
735309;3.3;11.4;1.35
735310;17.5;12.6;1.56
735311;1.5;8.5;0.89
735312;79.1;9;0.97
735313;2.7;6.3;0.59
735314;0;9.9;1.12
735315;10.2;8.8;0.95
735316;39.5;5.7;0.51
735317;12.8;6.2;0.58
735318;8.1;7.1;0.71
735319;18.1;8.5;0.92
735320;15;9.1;1.01
735321;8.9;9.6;1.1
735322;49.9;10.2;1.2
735323;52;10.9;1.32
735324;64.5;10.3;1.22
735325;38.5;8.9;1
735326;3;8.4;0.92
735327;28.3;8.6;0.96
735328;22.7;8.8;0.99
735329;16.6;9;1.03
735330;0;9.1;1.05
735331;0;9.3;1.08
735332;0;9.5;1.12
735333;0.1;9.7;1.16
735334;0;11.4;1.46
735335;0;10.8;1.35
735336;0;11.4;1.47
735337;0;13.2;1.81
735338;0;16.5;2.5
735339;0;15.9;2.38
735340;0;17.2;2.66
735341;0;19.6;3.22
735342;0;17.8;2.81
735343;0;16;2.43
735344;0;14.2;2.05
735345;0;13.1;1.84
735346;0;13.2;1.86
735347;0;11.4;1.51
735348;0;11.5;1.54
735349;0;12;1.64
735350;0;13.4;1.92
735351;1.8;9.8;1.23
735352;15.3;4.4;0.4
735353;13.9;2.6;0.19
735354;1.4;5.7;0.58
735355;0;7;0.77
735356;0;9.4;1.18
735357;1.1;10.7;1.42
735358;0.3;12;1.68
735359;0;13.4;1.97
735360;0;15.4;2.4
735361;0;17.4;2.86
735362;0;18.5;3.13
735363;0;18.2;3.07
735364;0;18;3.02
735365;0;16.6;2.7
735366;0;16.8;2.75
735367;0;16.8;2.76
735368;3;15.8;2.53
735369;16.3;9;1.14
735370;1.5;8.3;1.02
735371;38.1;7;0.8
735372;4.6;6.8;0.77
735373;0.5;7.9;0.96
735374;3.7;6.9;0.79
735375;3.1;9.3;1.21
735376;0.1;11.4;1.62
735377;0;14.6;2.3
735378;0;14;2.17
735379;0;14.1;2.2
735380;0;13.6;2.09
735381;0;10.6;1.47
735382;0;9.8;1.32
735383;0;11.2;1.59
735384;0;13.8;2.15
735385;0;13.6;2.11
735386;0;15.6;2.56
735387;0;16.4;2.75
735388;0;17.2;2.95
735389;0;18;3.15
735390;0;16.5;2.79
735391;0;11.4;1.65
735392;0.4;11.2;1.61
735393;2.6;10;1.37
735394;0;12;1.78
735395;0;13.8;2.17
735396;0;17.2;2.97
735397;0;20;3.68
735398;0;21.7;4.14
735399;0;22.2;4.28
735400;0;22;4.22
735401;0;21.6;4.12
735402;0;14.5;2.34
735403;0.3;10.2;1.42
735404;0;13.8;2.18
735405;0;16.3;2.76
735406;0;18;3.18
735407;0;19.8;3.64
735408;0;22.8;4.45
735409;0;22.8;4.45
735410;0;22.4;4.34
735411;0;22.9;4.47
735412;0;20.8;3.9
735413;0;21.9;4.2
735414;0;21;3.95
735415;0;23.8;4.72
735416;0;22.3;4.3
735417;0;21.1;3.97
735418;0;22.2;4.27
735419;0;24.5;4.9
735420;0;23.5;4.62
735421;0;24.8;4.98
735422;0;25.6;5.21
735423;0;24.9;5
735424;0;26.6;5.49
735425;0;25.2;5.08
735426;0;24.6;4.9
735427;0;24.4;4.84
735428;0;19.8;3.59
735429;0;18.4;3.23
735430;0;20.7;3.81
735431;0;21.8;4.1
735432;0;22.1;4.17
735433;0;22.8;4.36
735434;0;22.9;4.38
735435;0;23.4;4.51
735436;0;21.4;3.96
735437;0;22.8;4.33
735438;0;21.5;3.98
735439;0;22.6;4.26
735440;0;23;4.36
735441;0;22.6;4.24
735442;0;16.9;2.8
735443;0;17.4;2.92
735444;0;21;3.8
735445;0;23.4;4.42
735446;0;28;5.77
735447;0;28.5;5.91
735448;0;26;5.11
735449;0;24.8;4.76
735450;0;24.6;4.7
735451;0;25.3;4.88
735452;0;24.2;4.57
735453;0;21.2;3.78
735454;0;22;3.97
735455;0;23.2;4.27
735456;0;25.2;4.8
735457;0;25.3;4.81
735458;0;25.4;4.83
735459;0;24.4;4.55
735460;0;22;3.91
735461;0;23.8;4.37
735462;0;24.2;4.46
735463;0;24.2;4.45
735464;0;24.4;4.49
735465;0;26.8;5.13
735466;0;26.6;5.05
735467;0;25.9;4.84
735468;0;26.4;4.96
735469;0;26.3;4.92
735470;0;24.8;4.52
735471;0;23.5;4.17
735472;0;21;3.54
735473;0;20.6;3.44
735474;0;20.7;3.45
735475;3.9;19.8;3.23
735476;0.1;19.4;3.13
735477;0;19.4;3.12
735478;0;20.2;3.3
735479;0;20;3.24
735480;0;22;3.7
735481;0;22.4;3.78
735482;0;20.2;3.25
735483;0;18.2;2.8
735484;0;16.8;2.49
735485;0;17.4;2.61
735486;0;19.1;2.97
735487;0;20.2;3.2
735488;0;20.6;3.28
735489;0;21.5;3.48
735490;0.3;20.8;3.31
735491;0;20;3.12
735492;0;19.8;3.06
735493;0;20;3.1
735494;0;18.6;2.79
735495;0;16.8;2.4
735496;0;18.6;2.77
735497;0;20.6;3.19
735498;0;20.8;3.22
735499;0;20;3.04
735500;0;21;3.25
735501;0;19.8;2.98
735502;0;19.4;2.88
735503;0;20.4;3.08
735504;26.2;17.8;2.53
735505;37.8;15;1.98
735506;28;14.9;1.95
735507;76;16.8;2.31
735508;4.9;15.8;2.11
735509;0;18;2.53
735510;0.2;18.4;2.6
735511;0;16.8;2.28
735512;0;16.1;2.14
735513;0;17.2;2.34
735514;0;17;2.29
735515;0;18.8;2.64
735516;0;17.9;2.45
735517;0;17.2;2.31
735518;0;17.1;2.28
735519;0;13.8;1.68
735520;0;14.4;1.77
735521;0;15.2;1.91
735522;0;16.7;2.18
735523;0;18.4;2.49
735524;0;19.2;2.63
735525;0;17.4;2.28
735526;0;16.2;2.06
735527;0;14.4;1.73
735528;0;15;1.83
735529;19.3;14.1;1.67
735530;5.2;14.6;1.75
735531;0;17.2;2.2
735532;0;15.6;1.91
735533;4.2;11.2;1.19
735534;0.1;15;1.79
735535;0;17.1;2.15
735536;0;11.6;1.24
735537;0;9.8;0.97
735538;0;10.4;1.05
735539;0;11.5;1.21
735540;0;13.9;1.58
735541;0;12.9;1.42
735542;0;10.6;1.07
735543;0;13;1.42
735544;0;15;1.74
735545;0;12.7;1.37
735546;0;11.2;1.14
735547;0;10.6;1.05
735548;0;11.4;1.16
735549;0;14;1.55
735550;0;14.8;1.68
735551;0;13.2;1.42
735552;0;11.8;1.21
735553;0;9;0.82
735554;0;5.4;0.4
735555;2.2;4.2;0.28
735556;14.2;6;0.46
735557;0;7;0.57
735558;0;6.5;0.51
735559;0;4.8;0.33
735560;8.1;7.1;0.58
735561;0.1;5.6;0.41
735562;0;5.8;0.43
735563;0;6.2;0.47
735564;0;6.6;0.51
735565;0;6.2;0.47
735566;0;6.2;0.47
735567;0;6.1;0.46
735568;0;5.6;0.4
735569;0;5.3;0.37
735570;0;5.7;0.41
735571;0;8;0.67
735572;0;8.6;0.74
735573;0;9.4;0.84
735574;0;8.8;0.76
735575;0;7.8;0.64
735576;0;6.8;0.53
735577;0;5.8;0.42
735578;0;8.4;0.71
735579;0;7.7;0.63
735580;0;9.2;0.81
735581;0;9.8;0.88
735582;0;9.4;0.83
735583;0;9;0.78
735584;0;9.5;0.84
735585;1.2;7.9;0.65
735586;4.4;6.9;0.53
735587;46.4;6.3;0.47
735588;0;2.8;0.15
735589;0;6;0.44
735590;0;7.2;0.57
735591;0;7.4;0.59
735592;6.9;7.4;0.59
735593;231.5;7.6;0.61
735594;2.8;6.5;0.49
735595;6.6;7;0.55
735596;33.7;6.6;0.5
735597;0;3.6;0.21
735598;0;5;0.34
735599;0;6.6;0.5
735600;21.4;6.8;0.54
735601;8.6;8.8;0.77
735602;33.4;9.4;0.85
735603;54.9;7.8;0.65
735604;0;6.2;0.47
735605;0;8.6;0.75
735606;0;9.1;0.82
735607;0;14;1.5
735608;0;12.1;1.22
735609;0;10.3;0.98
735610;0.7;8.4;0.73
735611;0;8.9;0.8
735612;9.8;7;0.57
735613;9.9;6.5;0.51
735614;0.2;7.6;0.64
735615;24.9;6.1;0.47
735616;49.1;4.2;0.28
735617;26.8;4.4;0.3
735618;47.7;4.6;0.32
735619;0;3.2;0.19
735620;10.1;5.6;0.42
735621;41.6;6.5;0.52
735622;0.1;5.1;0.37
735623;0;5.3;0.39
735624;0;8.5;0.77
735625;0;9.8;0.94
735626;2.2;7.4;0.64
735627;44.6;5.2;0.39
735628;23.7;5.4;0.41
735629;0;3.4;0.21
735630;18.6;6;0.48
735631;16;5.6;0.44
735632;0;3.4;0.22
735633;13;3.4;0.22
735634;0.4;4;0.27
735635;108.1;8.1;0.74
735636;34.1;7.4;0.65
735637;0.5;5.4;0.42
735638;104.6;6.8;0.58
735639;184.3;7.5;0.67
735640;0.9;3.2;0.2
735641;87.6;5.4;0.43
735642;69;9.2;0.91
735643;79;9.2;0.91
735644;0.1;9.9;1.01
735645;13.9;5.4;0.43
735646;0;4;0.28
735647;0.5;4.8;0.37
735648;9.5;5;0.39
735649;0.1;5.6;0.46
735650;0;5.5;0.45
735651;7.6;5.7;0.48
735652;0;4.8;0.38
735653;0;10.2;1.09
735654;30.3;5.2;0.42
735655;0;5.8;0.49
735656;0;5.8;0.5
735657;0;6.6;0.6
735658;0;7.8;0.76
735659;20.7;8;0.79
735660;33.7;8.3;0.83
735661;12.6;6.1;0.54
735662;0;5;0.41
735663;0;8.4;0.86
735664;0;10.6;1.19
735665;0;10;1.1
735666;0;12.4;1.49
735667;0;9.5;1.03
735668;0;9.3;1
735669;0;9.3;1.01
735670;0;8.4;0.88
735671;0.8;7;0.68
735672;0;7.1;0.7
735673;0;8;0.83
735674;0;11.4;1.36
735675;0;12.8;1.61
735676;0;11.8;1.44
735677;0;11.8;1.45
735678;0;10;1.15
735679;0;9.6;1.09
735680;3.2;8.1;0.86
735681;0.1;6;0.57
735682;0;8;0.85
735683;0;8.8;0.98
735684;1.4;5.6;0.52
735685;0;6;0.57
735686;35.4;4.7;0.41
735687;6;5;0.45
735688;1.3;6.1;0.59
735689;0;10;1.19
735690;0;11.4;1.44
735691;55.8;7.3;0.77
735692;32.8;4.5;0.39
735693;0;7.2;0.76
735694;0;9.6;1.14
735695;0;14.1;1.97
735696;0;15.6;2.28
735697;0;17;2.58
735698;0;17.4;2.67
735699;0;18.6;2.94
735700;0;18;2.82
735701;0;12.6;1.71
735702;0;13.9;1.97
735703;0;16.5;2.52
735704;0;14.4;2.08
735705;0;14.6;2.13
735706;0;16.4;2.52
735707;0;15;2.23
735708;0;10.8;1.41
735709;65.9;8.7;1.04
735710;78.4;7.8;0.9
735711;0;9.6;1.2
735712;0;10.2;1.31
735713;0.3;9.1;1.12
735714;0;8.6;1.04
735715;0;12;1.66
735716;0;13.8;2.03
735717;0;14.4;2.16
735718;0;15.9;2.49
735719;0;16.6;2.65
735720;0;17;2.75
735721;0;17.8;2.94
735722;0;16.6;2.67
735723;0;16;2.54
735724;0;17.4;2.87
735725;0;18.6;3.16
735726;0;18.7;3.19
735727;0;18;3.03
735728;0;18.6;3.18
735729;0;19.4;3.38
735730;0;20.8;3.74
735731;0;21;3.8
735732;0;20;3.55
735733;0;17.4;2.93
735734;0;17.6;2.98
735735;0;13.8;2.12
735736;0;13.4;2.04
735737;0;15.2;2.44
735738;0;14.2;2.22
735739;0;11.6;1.67
735740;29.7;10.2;1.4
735741;0.3;10;1.36
735742;0;9.8;1.33
735743;0;10.6;1.48
735744;0;10.4;1.45
735745;0;11.4;1.65
735746;0;11.8;1.73
735747;1.8;10.3;1.43
735748;0;14;2.21
735749;0;14.8;2.39
735750;0;14.8;2.4
735751;4;12.6;1.91
735752;0;15;2.45
735753;0;17.8;3.12
735754;0;16.4;2.78
735755;0;17.4;3.03
735756;0;16.7;2.86
735757;0;14.4;2.32
735758;0;15.2;2.51
735759;0;16.4;2.79
735760;0;16.7;2.87
735761;0;20.6;3.85
735762;0;21.6;4.12
735763;0;23.7;4.7
735764;0;24;4.79
735765;0;23.1;4.54
735766;0;18.8;3.4
735767;0;17.6;3.1
735768;0;17.8;3.15
735769;0;17.6;3.1
735770;0;15.2;2.52
735771;0;14.6;2.38
735772;0;13.2;2.07
735773;0.5;14.6;2.38
735774;22.7;12.9;2
735775;0;15;2.47
735776;0;16.2;2.76
735777;0;19.2;3.5
735778;0;19.8;3.65
735779;0;17.8;3.14
735780;0;18.1;3.22
735781;0;18;3.19
735782;0;13.6;2.15
735783;0;15.2;2.51
735784;0;19.2;3.49
735785;0;19.6;3.59
735786;0;16.8;2.88
735787;0;18.3;3.25
735788;0;21;3.94
735789;0;22.2;4.26
735790;0;21.8;4.14
735791;0;22.8;4.41
735792;0;22.8;4.4
735793;0;22.6;4.34
735794;0;23.4;4.56
735795;0;24;4.71
735796;0;26;5.27
735797;0;26.6;5.43
735798;0;22.4;4.26
735799;0;17.6;3.03
735800;0;17.8;3.07
735801;0;21;3.87
735802;0;23;4.39
735803;0;22.3;4.2
735804;0;21.4;3.96
735805;0;20.6;3.74
735806;0;21.7;4.02
735807;0;21.8;4.04
735808;0;20.8;3.77
735809;0;21.6;3.97
735810;0;21.2;3.86
735811;0;19.9;3.52
735812;0;16.1;2.61
735813;0;17;2.81
735814;0;19.6;3.43
735815;0;20.8;3.72
735816;0;22.2;4.06
735817;0;23.6;4.42
735818;0;24.1;4.54
735819;0;23.7;4.42
735820;0;22.8;4.18
735821;0;22.4;4.07
735822;0;22.2;4.01
735823;0;22.8;4.15
735824;0;21.8;3.89
735825;0;21;3.68
735826;0;22;3.92
735827;0;22.7;4.08
735828;0;22.5;4.02
735829;0;23;4.14
735830;0;19.2;3.2
735831;0;21;3.62
735832;0;21.6;3.75
735833;0;20.4;3.46
735834;0;20.9;3.56
735835;0;21.5;3.7
735836;0;22.8;4.01
735837;0;23;4.04
735838;0;25.2;4.58
735839;0;25.9;4.75
735840;0;24.1;4.28
735841;0;23;4
735842;0;22.6;3.89
735843;0;24.8;4.42
735844;0;25;4.45
735845;0;22.5;3.83
735846;0;21.6;3.6
735847;0;21;3.45
735848;0;19.6;3.12
735849;0;18.8;2.94
735850;0;18.7;2.91
735851;0;19;2.96
735852;0;20.3;3.24
735853;0;17.8;2.69
735854;0;18.2;2.76
735855;0;19.6;3.06
735856;0;19;2.92
735857;0;17.4;2.57
735858;0.9;19.2;2.94
735859;30.1;15.8;2.23
735860;3;16.2;2.3
735861;0;16.6;2.37
735862;0;18.2;2.69
735863;1.4;18.6;2.77
735864;0;16;2.23
735865;11.3;14.4;1.92
735866;5;14.2;1.87
735867;10;14.2;1.87
735868;0.1;15.4;2.09
735869;38.3;15.5;2.1
735870;0;16.5;2.28
735871;1.7;15.4;2.06
735872;0;16.8;2.33
735873;0;18.2;2.59
735874;0;19;2.75
735875;0;18.2;2.58
735876;0;17.6;2.45
735877;0;16.8;2.29
735878;0;14.2;1.8
735879;0;15.8;2.08
735880;0;15.3;1.98
735881;0;16.1;2.12
735882;13.6;14.4;1.81
735883;14;17;2.28
735884;13.5;11.4;1.29
735885;10.1;10.8;1.2
735886;40.1;10.9;1.21
735887;9.5;12.8;1.51
735888;0.2;15;1.88
735889;0;18;2.42
735890;0;19.5;2.7
735891;0;22.8;3.35
735892;0;21.5;3.07
735893;0;21.1;2.98
735894;0;20.8;2.91
735895;0;17.6;2.3
735896;0;18.2;2.4
735897;0;19.8;2.69
735898;0;16.8;2.13
735899;0;16.2;2.02
735900;0;16.6;2.08
735901;0;17;2.15
735902;0;19;2.5
735903;0;15.7;1.91
735904;0;15.3;1.83
735905;0;14.1;1.63
735906;13.3;11.8;1.26
735907;68.8;9;0.86
735908;0;6.7;0.57
735909;0;7;0.6
735910;45.8;9.9;0.98
735911;28;9.2;0.88
735912;8.1;6.8;0.57
735913;0.3;6;0.48
735914;58.6;8.6;0.79
735915;17.1;9.7;0.93
735916;13.8;11.6;1.2
735917;82.1;9.7;0.93
735918;0.6;8.5;0.77
735919;0;7.1;0.6
735920;0;6.4;0.51
735921;0;7.7;0.66
735922;0;11.9;1.22
735923;0;12;1.23
735924;0;14.9;1.67
735925;0;14.2;1.56
735926;3.1;13;1.37
735927;11.1;10.5;1.01
735928;1.3;9.9;0.93
735929;19.4;9.4;0.86
735930;57.1;7.8;0.66
735931;46;7.2;0.59
735932;7.6;6.6;0.52
735933;0;7.2;0.59
735934;0;9.6;0.88
735935;6.5;7;0.57
735936;0;5.4;0.39
735937;0;5.3;0.38
735938;0;4.6;0.31
735939;0;4.1;0.26
735940;0;2.9;0.16
735941;0;5;0.35
735942;0;5.2;0.37
735943;0;6;0.45
735944;0;7.8;0.65
735945;0;7;0.56
735946;31.8;7.7;0.64
735947;6;4.2;0.27
735948;0;4.8;0.33
735949;2.3;5.8;0.43
735950;0;7;0.56
735951;0;9;0.79
735952;0;10.2;0.95
735953;0;10.7;1.01
735954;0;7.5;0.61
735955;0;7;0.56
735956;0;7.8;0.65
735957;0;7.2;0.58
735958;0;6.2;0.47
735959;0;5.8;0.43
735960;0;4.2;0.27
735961;0;6.4;0.49
735962;0;3.2;0.19
735963;0;3.7;0.23
735964;0;5;0.35
735965;0;6.6;0.46
735966;0;6.4;0.44
735967;0;9.2;0.76
735968;0;10.2;0.88
735969;0;6.8;0.48
735970;0;5.3;0.33
735971;0;5.8;0.38
735972;0;6.4;0.44
735973;0;7.7;0.59
735974;0;11.6;1.08
735975;0;10.2;0.89
735976;0;9.8;0.84
735977;0;9.4;0.79
735978;0;10.6;0.95
735979;0;7.5;0.57
735980;29.9;5.1;0.32
735981;0;3.2;0.16
735982;64.2;4;0.23
735983;37;2.6;0.12
735984;23.2;1.9;0.07
735985;3.3;2.4;0.11
735986;0;3.4;0.18
735987;0;4.6;0.28
735988;0;3.6;0.2
735989;0;6;0.42
735990;0;7;0.53
735991;0;7.4;0.57
735992;0;7.2;0.55
735993;6.2;6.4;0.47
735994;21.5;7.4;0.58
735995;86.4;5;0.32
735996;0;2.6;0.12
735997;16.2;3.6;0.2
735998;6.5;4;0.23
735999;11.7;2.1;0.09
736000;0;1.1;0.03
736001;0;1.4;0.05
736002;7.5;1.4;0.05
736003;0;2.4;0.11
736004;0;5.2;0.35
736005;0;5;0.33
736006;0.7;5.6;0.4
736007;6.6;4.2;0.26
736008;0;5.4;0.38
736009;6.8;6;0.44
736010;33.4;6.2;0.47
736011;0;4.4;0.28
736012;7.4;3;0.16
736013;0;5.2;0.36
736014;0;6;0.45
736015;0;5.2;0.37
736016;3.4;4.5;0.3
736017;0;5.8;0.43
736018;0;6.6;0.53
736019;0;5;0.35
736020;0;4.7;0.32
736021;0;7.9;0.7
736022;0;7.4;0.63
736023;0;8;0.71
736024;0;9.7;0.95
736025;0;12.1;1.33
736026;0;12.7;1.43
736027;0;11.8;1.29
736028;0;7.8;0.7
736029;0;10.7;1.12
736030;0;10.6;1.11
736031;0;12.4;1.41
736032;0;11.3;1.23
736033;0;12.3;1.4
736034;0;13.4;1.59
736035;0;11.2;1.22
736036;0;8.9;0.87
736037;0;8.8;0.86
736038;0;7.2;0.64
736039;0;7;0.62
736040;26.4;4.4;0.31
736041;2.7;3.6;0.23
736042;24.4;6;0.5
736043;11.6;5.1;0.39
736044;11;5.2;0.4
736045;37.4;5.6;0.45
736046;3;5.3;0.42
736047;0.1;3.2;0.2
736048;0;4.6;0.34
736049;0;5.6;0.46
736050;0;10.2;1.12
736051;0;14.5;1.9
736052;0;14.3;1.86
736053;0;14.4;1.89
736054;0;17.9;2.62
736055;0;18.2;2.69
736056;0;15.6;2.15
736057;0;15.4;2.11
736058;0.2;16.1;2.26
736059;0;13.2;1.69
736060;1.7;10;1.12
736061;0;8.6;0.9
736062;2.4;7.6;0.75
736063;1.8;8.6;0.91
736064;0;9.4;1.04
736065;8.1;7.5;0.74
736066;0;8.6;0.91
736067;0;13.5;1.79
736068;0.1;13;1.7
736069;5.3;10.7;1.28
736070;2.1;9.4;1.06
736071;0;11.4;1.41
736072;0;10.8;1.31
736073;0;10;1.17
736074;0;12;1.53
736075;0;12.8;1.69
736076;0;12;1.54
736077;0;12.8;1.7
736078;0;12.7;1.69
736079;0.9;10.4;1.26
736080;59.2;9.4;1.09
736081;4.1;8.9;1
736082;0;10.8;1.34
736083;0;11.2;1.42
736084;0;13.2;1.82
736085;0;15.8;2.38
736086;0;18.5;3.01
736087;0;18.1;2.92
736088;1.6;16.2;2.49
736089;0.1;12.4;1.68
736090;0;13.4;1.88
736091;0;17;2.69
736092;0;12.9;1.79
736093;0;17.4;2.8
736094;0;19.7;3.37
736095;0;20.2;3.51
736096;0;21.9;3.96
736097;0;24.5;4.69
736098;0;24.4;4.67
736099;0;16.8;2.69
736100;0;18.4;3.08
736101;0;19.4;3.34
736102;0;19.8;3.45
736103;0;16.1;2.54
736104;0;14.2;2.11
736105;0;13.2;1.9
736106;0;13.8;2.03
736107;0;14.1;2.1
736108;1;11.4;1.54
736109;0;12.5;1.76
736110;0;16.1;2.57
736111;0;17;2.79
736112;0;17.9;3.02
736113;0;17.8;3
736114;0;18.4;3.16
736115;0;18.4;3.16
736116;17.9;17.8;3.01
736117;0;18.2;3.12
736118;0;21.4;3.97
736119;0;19.6;3.49
736120;0;22.4;4.25
736121;0;21.7;4.06
736122;0;22.4;4.26
736123;0;20;3.6
736124;0;20.4;3.72
736125;0;19.2;3.4
736126;1.1;13.2;1.95
736127;11.4;12.8;1.86
736128;0;12.3;1.76
736129;7.4;12.4;1.78
736130;10.5;12;1.69
736131;0;15.3;2.43
736132;0;18.8;3.3
736133;0;19;3.36
736134;0;20.6;3.79
736135;0;22.6;4.34
736136;0;22.2;4.23
736137;0;19.6;3.52
736138;0;17;2.85
736139;0;17.5;2.97
736140;0;19.5;3.49
736141;0;23;4.46
736142;0;27.4;5.83
736143;0;26.8;5.61
736144;0;26.6;5.53
736145;0;25;5.04
736146;0;22.4;4.28
736147;0;21;3.88
736148;0;23.4;4.56
736149;0;24.7;4.93
736150;0;25.8;5.26
736151;0;29.2;6.36
736152;0;28.8;6.24
736153;0;26.4;5.43
736154;0;26.2;5.36
736155;0;23.6;4.59
736156;0;23.9;4.67
736157;0;25.1;5.01
736158;0;26.2;5.34
736159;0;25.6;5.15
736160;0;27;5.6
736161;0;26;5.26
736162;0;26;5.25
736163;0;23.8;4.6
736164;0;24.1;4.67
736165;0;25;4.93
736166;0;25.8;5.16
736167;0;26;5.21
736168;0;25.6;5.08
736169;0;23.7;4.52
736170;0;23;4.32
736171;0;24.8;4.82
736172;0;26.2;5.22
736173;0;27.6;5.68
736174;0;26.7;5.36
736175;0;23.8;4.5
736176;0;21;3.73
736177;0;22.2;4.04
736178;0;23.8;4.47
736179;0;25.4;4.91
736180;0;23.4;4.34
736181;0;26.4;5.18
736182;0;26.9;5.34
736183;0;26.7;5.25
736184;0.6;24.8;4.69
736185;0;27.4;5.47
736186;0;27.3;5.42
736187;0;26;4.99
736188;0;26.4;5.09
736189;0;22.4;3.98
736190;0;19.6;3.25
736191;0;18.4;2.96
736192;0;19.8;3.29
736193;0;20.2;3.38
736194;0;20.2;3.37
736195;0;21.4;3.66
736196;0;24.8;4.54
736197;0;23.6;4.21
736198;0;19.5;3.16
736199;1;17.2;2.62
736200;0;17.2;2.61
736201;0;19.5;3.13
736202;0;21;3.49
736203;0;22.1;3.75
736204;0;24.5;4.36
736205;0;25;4.48
736206;0.1;25.4;4.57
736207;0;22.4;3.78
736208;0;19.8;3.14
736209;0;18.3;2.79
736210;0;15;2.07
736211;0;15.3;2.12
736212;0;17.8;2.65
736213;0;17.8;2.64
736214;43.2;17.8;2.63
736215;0;18;2.67
736216;0;19.2;2.93
736217;0;20;3.1
736218;0;20.2;3.14
736219;0;19.8;3.03
736220;0;17.2;2.45
736221;0;16.5;2.3
736222;0;14.8;1.95
736223;17.9;14;1.79
736224;5.1;13;1.6
736225;0;14.7;1.91
736226;0;18.4;2.66
736227;0;19;2.78
736228;0;20.1;3.01
736229;0;20;2.98
736230;0;19.2;2.8
736231;0;17.3;2.39
736232;0;17.1;2.34
736233;2.2;17.2;2.35
736234;0;17.8;2.47
736235;0;17.2;2.34
736236;16.2;14.9;1.88
736237;0;14.2;1.75
736238;0;16;2.08
736239;0;18;2.47
736240;0;17;2.26
736241;0;20;2.86
736242;3.8;17.2;2.28
736243;12.6;14.8;1.82
736244;0;13.8;1.63
736245;0;12.8;1.46
736246;0;13.8;1.62
736247;1.8;13.7;1.6
736248;20;13.6;1.58
736249;23.5;12.6;1.4
736250;3.8;13.4;1.53
736251;1.1;14;1.63
736252;0;14.2;1.66
736253;0;15.3;1.85
736254;40.2;15.8;1.93
736255;36.8;14.2;1.64
736256;5.1;13.1;1.45
736257;6.1;13.6;1.53
736258;0;14.6;1.69
736259;0;14.1;1.6
736260;0;14.4;1.65
736261;0;13.6;1.51
736262;3.4;12.6;1.34
736263;2.9;13.6;1.5
736264;13;10.8;1.06
736265;0;10;0.94
736266;0;12;1.23
736267;0;13.2;1.42
736268;0;13.2;1.41
736269;31.6;11;1.07
736270;39.9;8.2;0.69
736271;22.4;11.4;1.12
736272;0;11.2;1.09
736273;0.1;13.4;1.42
736274;0;15.3;1.73
736275;0;16.2;1.87
736276;0;15.6;1.77
736277;0;14.2;1.53
736278;0;14.4;1.56
736279;0;13.6;1.43
736280;0;12.6;1.27
736281;0;11.4;1.09
736282;0;10.6;0.98
736283;0;11.1;1.04
736284;0;11;1.03
736285;0;12.2;1.2
736286;0;11.8;1.14
736287;0;11.4;1.08
736288;0;14;1.46
736289;1.3;9.6;0.83
736290;0;4.8;0.3
736291;0;3.6;0.19
736292;0;3.4;0.18
736293;0;6.4;0.45
736294;0;9;0.75
736295;0;9;0.74
736296;0;8.1;0.64
736297;0;8.6;0.69
736298;0;9;0.74
736299;0;9.6;0.81
736300;0.7;11;0.99
736301;0;12;1.13
736302;0;12;1.13
736303;0;11.8;1.1
736304;0;9.7;0.82
736305;0;8.8;0.71
736306;0;10.3;0.89
736307;0;10.2;0.88
736308;0;9.6;0.8
736309;0;9.8;0.83
736310;0;8.8;0.71
736311;0.3;9.4;0.78
736312;0;11.2;1.01
736313;0;11.4;1.03
736314;0;13.6;1.34
736315;0;11.6;1.06
736316;0;11.6;1.06
736317;0;13.1;1.27
736318;0;11;0.98
736319;0;10.8;0.95
736320;0;11.1;0.99
736321;0;8;0.61
736322;0;7.3;0.53
736323;0;7.6;0.57
736324;0;8.8;0.7
736325;0;7.6;0.57
736326;0;9.8;0.83
736327;17.6;7.7;0.58
736328;0;6.8;0.48
736329;7.3;10.1;0.87
736330;4.4;10.4;0.92
736331;27.8;9.2;0.77
736332;63.7;9.8;0.85
736333;98.5;10.2;0.9
736334;77.9;6.6;0.48
736335;0.9;4.8;0.3
736336;2.7;7.9;0.62
736337;0;8.2;0.66
736338;24.5;8.2;0.66
736339;6.5;8;0.64
736340;71.9;8.4;0.68
736341;0.1;5.9;0.41
736342;0;8.5;0.7
736343;0;8.2;0.66
736344;3.3;4.2;0.25
736345;0;4.6;0.29
736346;0;5.2;0.34
736347;0;7;0.53
736348;0;4.4;0.27
736349;23.4;7.4;0.58
736350;0;8.2;0.67
736351;0;9.7;0.86
736352;0;10.8;1.01
736353;0;11.2;1.07
736354;0;9.8;0.88
736355;1;6.9;0.53
736356;0;5.6;0.39
736357;0;5.2;0.35
736358;8.5;5.2;0.35
736359;0;6.1;0.45
736360;0;7.4;0.59
736361;0;11.2;1.1
736362;0;10.4;0.99
736363;0;7.8;0.65
736364;0;8.2;0.7
736365;0;9.4;0.86
736366;1.4;9.8;0.91
736367;26.5;7.6;0.63
736368;0;5.6;0.4
736369;17.3;6;0.45
736370;42.6;8.4;0.74
736371;53.6;9.2;0.85
736372;51.8;8.6;0.77
736373;88.9;8.8;0.8
736374;53.5;5;0.35
736375;0.2;2.5;0.13
736376;0;1.1;0.04
736377;0;1.1;0.04
736378;26.7;3.4;0.2
736379;0.1;3.5;0.21
736380;0;5.8;0.44
736381;0;7.4;0.64
736382;0;8.4;0.77
736383;0;7.2;0.61
736384;11.7;4.9;0.35
736385;0;5.4;0.41
736386;56.9;4.4;0.3
736387;9.7;3.4;0.21
736388;0.7;2.3;0.12
736389;0;5.4;0.41
736390;0;6.2;0.51
736391;0;8.6;0.82
736392;0;8.4;0.79
736393;0;8;0.74
736394;3.8;3.7;0.24
736395;0;4.3;0.3
736396;19.9;2.6;0.14
736397;0;3.8;0.25
736398;1;4.6;0.34
736399;0;5;0.38
736400;0;4.4;0.32
736401;0;5.4;0.43
736402;0;7.2;0.66
736403;0;7.7;0.73
736404;2.2;5.5;0.44
736405;10.1;7;0.64
736406;0;7;0.64
736407;0;7.8;0.75
736408;9.2;7.1;0.66
736409;9.4;5.8;0.49
736410;31.4;6.4;0.57
736411;10.2;5.7;0.48
736412;0.3;6.3;0.56
736413;0;6.7;0.61
736414;0;9.2;0.98
736415;0;9.2;0.98
736416;5.5;7.5;0.73
736417;0;7;0.66
736418;0;10;1.12
736419;0;12.6;1.58
736420;0;5;0.41
736421;0;5.4;0.46
736422;0;8.1;0.83
736423;2.8;7.7;0.77
736424;144.5;6.4;0.59
736425;0;6.2;0.57
736426;0;9;0.98
736427;0;12.1;1.52
736428;0;9.6;1.09
736429;0;9.9;1.14
736430;35.2;7.4;0.75
736431;14.3;8.4;0.9
736432;33.5;9;1
736433;8;8.6;0.94
736434;0;10.8;1.32
736435;0.8;12;1.54
736436;5.6;11;1.36
736437;16.1;11.6;1.47
736438;0;13;1.75
736439;8.6;10.4;1.26
736440;20.6;8.9;1.01
736441;0;9.4;1.1
736442;0;12.3;1.63
736443;0;12.8;1.73
736444;0;14.4;2.06
736445;0;13.6;1.9
736446;0;14.4;2.07
736447;0;13.6;1.91
736448;0;13.4;1.88
736449;0;13;1.8
736450;0;15.4;2.31
736451;0;14.7;2.17
736452;0;14.8;2.19
736453;0;18.4;3.03
736454;0.1;17.2;2.75
736455;0.6;14;2.04
736456;25.2;11.6;1.55
736457;7.9;10.3;1.3
736458;26;10;1.25
736459;17.5;8.8;1.04
736460;24.8;9.2;1.11
736461;23.6;9;1.08
736462;42.2;8.3;0.96
736463;15;8.6;1.01
736464;0;8.9;1.07
736465;0;9.2;1.12
736466;0;9.5;1.18
736467;0;9.8;1.24
736468;0;10.1;1.3
736469;0;10.4;1.36
736470;0;10.7;1.42
736471;0;11;1.48
736472;0;11.3;1.54
736473;0;11.6;1.6
736474;0;11.9;1.66
736475;0;12.2;1.73
736476;0;12.5;1.79
736477;0;12.8;1.86
736478;0;13.1;1.93
736479;0;13.4;2
736480;0;13.7;2.06
736481;0;14;2.13
736482;0;14.3;2.2
736483;0;14.6;2.27
736484;0;15.2;2.41
736485;0;14.8;2.32
736486;0;17.2;2.9
736487;0;18.5;3.23
736488;0;20.6;3.79
736489;0;25.1;5.06
736490;0;24.1;4.77
736491;0;19.7;3.55
736492;0;19.4;3.48
736493;0;20.4;3.74
736494;0;22.4;4.3
736495;0;20.8;3.85
736496;0;14.6;2.29
736497;0;13;1.94
736498;0;14.4;2.25
736499;0;17.2;2.92
736500;0;19.2;3.43
736501;0;20.8;3.86
736502;0;21.2;3.97
736503;0;23;4.47
736504;0;22.4;4.3
736505;0;22.7;4.39
736506;0;21.1;3.94
736507;0;19.8;3.59
736508;0;20.9;3.88
736509;0;23.6;4.64
736510;0;22.3;4.26
736511;0;22.4;4.29
736512;0;22.3;4.26
736513;0;24.6;4.92
736514;0;27.2;5.73
736515;0;22.4;4.28
736516;0;23.2;4.5
736517;0;23.5;4.58
736518;0;20;3.61
736519;0;23;4.43
736520;0;25.5;5.15
736521;0;26;5.29
736522;0;24.8;4.93
736523;0;25;4.98
736524;0;23;4.41
736525;0;23.6;4.57
736526;0;22.6;4.28
736527;0;23.8;4.61
736528;0;25.2;5.01
736529;0;25.8;5.18
736530;2.2;25.2;4.99
736531;0.1;26.2;5.28
736532;0;25;4.92
736533;0;23.6;4.51
736534;0;23.7;4.53
736535;0;24;4.61
736536;0;27;5.5
736537;0;25.8;5.1
736538;0;25;4.86
736539;0;24.7;4.77
736540;0;26.8;5.38
736541;0;25.4;4.95
736542;0;25.2;4.88
736543;0;25.2;4.87
736544;0;25.4;4.92
736545;0;24.5;4.65
736546;0;25.8;5.01
736547;0;25.4;4.88
736548;0;25.1;4.79
736549;0;24.2;4.53
736550;0;23.4;4.3
736551;0;24.4;4.56
736552;0;22;3.91
736553;0;21.9;3.87
736554;0;21.7;3.81
736555;0;22.7;4.06
736556;0;24.6;4.56
736557;0;23.6;4.28
736558;0.2;24.9;4.61
736559;0;23.6;4.25
736560;0;24;4.35
736561;0;24.6;4.5
736562;0;23.6;4.22
736563;0;23.7;4.23
736564;0;24.4;4.41
736565;0;26.5;4.96
736566;0;26;4.81
736567;0;26.2;4.85
736568;0;24.9;4.49
736569;0;28.3;5.46
736570;0;26.8;4.99
736571;0;25.2;4.53
736572;0;24.2;4.25
736573;0;22.2;3.74
736574;0;21.5;3.55
736575;0;22.4;3.76
736576;0;24.5;4.28
736577;0;27.4;5.07
736578;0;29.4;5.6
736579;0;30.2;5.76
736580;0;28.8;5.41
736581;0;23.7;4.01
736582;0;22.3;3.66
736583;0;21.4;3.43
736584;0;22.6;3.71
736585;0;23.4;3.89
736586;24.8;16.5;2.32
736587;0;12.8;1.59
736588;0;12.6;1.55
736589;0;15.9;2.18
736590;0;19.4;2.91
736591;0;19.7;2.96
736592;0;18.3;2.65
736593;0;18.3;2.64
736594;0;18.5;2.67
736595;0;15.8;2.11
736596;0;17.4;2.43
736597;0;19;2.75
736598;0;19;2.74
736599;0;20.1;2.97
736600;0;20.4;3.02
736601;0;18.3;2.57
736602;0;18.1;2.52
736603;0;17.8;2.45
736604;0;18;2.48
736605;0;17.9;2.46
736606;0;18.6;2.59
736607;0;21.1;3.1
736608;0;20.4;2.94
736609;0;19.2;2.68
736610;0;20.2;2.88
736611;0;19.2;2.67
736612;0;17.4;2.3
736613;0;15.5;1.93
736614;0;13.2;1.52
736615;30.4;10.9;1.15
736616;30.2;11;1.16
736617;4.3;10.6;1.09
736618;0;11.8;1.27
736619;0;14.5;1.72
736620;0;17.4;2.24
736621;0;18;2.34
736622;0;17.8;2.3
736623;0;16.4;2.03
736624;0;15;1.78
736625;9.1;15.5;1.86
736626;54.2;10.9;1.1
736627;16;13.2;1.46
736628;0;15.8;1.89
736629;0;18;2.28
736630;0;19.1;2.48
736631;0;19.2;2.49
736632;0;16.8;2.04
736633;0;15.6;1.83
736634;0;15.7;1.84
736635;0;15.7;1.83
736636;0;16.2;1.91
736637;0.1;16.2;1.91
736638;1.5;14.9;1.68
736639;36;11;1.07
736640;4.5;7.6;0.62
736641;0;6.8;0.53
736642;0;6;0.44
736643;15.9;8.7;0.75
736644;0.2;7.6;0.62
736645;0;7.6;0.61
736646;0;10.1;0.93
736647;0;10.6;1
736648;0;11.9;1.18
736649;0;9.8;0.88
736650;0;9.9;0.89
736651;0;10.4;0.96
736652;0;11;1.04
736653;0;10.5;0.97
736654;42.7;8.8;0.74
736655;71.8;9.4;0.82
736656;8.6;7.8;0.62
736657;0.7;6.4;0.46
736658;0.4;5.6;0.38
736659;40.4;7.4;0.57
736660;58.9;7;0.53
736661;45;6.6;0.48
736662;0.2;6.7;0.49
736663;0;7.8;0.61
736664;0;9.9;0.87
736665;2.9;9.2;0.78
736666;0.1;9.6;0.83
736667;17.3;10.5;0.94
736668;18.4;10.1;0.89
736669;7.9;10.1;0.89
736670;0;11.2;1.03
736671;0;9.4;0.8
736672;0;9.4;0.8
736673;0;10.5;0.93
736674;0;9.9;0.86
736675;0;9.4;0.79
736676;0;8.2;0.65
736677;0;7.4;0.56
736678;8.7;6.8;0.49
736679;0;6.2;0.43
736680;24.5;4.6;0.28
736681;0.1;5.8;0.39
736682;0;6.7;0.48
736683;0;5.4;0.35
736684;0;5.2;0.33
736685;0;5;0.31
736686;0;7.5;0.57
736687;0;8.5;0.68
736688;0;8.2;0.65
736689;0;8.6;0.69
736690;0;8.7;0.71
736691;0;8.8;0.72
736692;0;9.8;0.84
736693;0;9.6;0.82
736694;0;7.6;0.58
736695;0;6.6;0.47
736696;0;5.9;0.3
736697;0;8.6;0.57
736698;0;7.9;0.49
736699;0;8.4;0.55
736700;0;8;0.51
736701;0;7.2;0.43
736702;0;6.5;0.36
736703;0;5.7;0.29
736704;0;7.2;0.43
736705;0;6.8;0.39
736706;0;7.8;0.49
736707;0;8.4;0.55
736708;0;5.6;0.28
736709;0;3.8;0.15
736710;0;3.4;0.13
736711;0;6.4;0.36
736712;0;7.4;0.45
736713;0.6;0.9;0.01
736714;11.6;0.8;0.01
736715;0;1.4;0.03
736716;0;2.2;0.06
736717;0;5.2;0.26
736718;0;4.4;0.2
736719;0;4.6;0.21
736720;0;4.5;0.2
736721;7.9;5.9;0.32
736722;29.4;5.1;0.25
736723;0;5.8;0.31
736724;0;6.8;0.41
736725;0;8.8;0.62
736726;0;10.4;0.82
736727;1;8.8;0.63
736728;31.6;8.4;0.58
736729;0.6;8.4;0.58
736730;24;8.1;0.55
736731;40.5;8;0.54
736732;0;8.7;0.62
736733;0;11.2;0.95
736734;0;6.2;0.36
736735;0;7.8;0.53
736736;10.8;3.9;0.17
736737;3.7;5.3;0.28
736738;45.5;7.4;0.49
736739;25.8;6.8;0.43
736740;0;7.6;0.51
736741;0;9.8;0.78
736742;0;8.6;0.63
736743;0;8.1;0.58
736744;0;7.6;0.52
736745;2.3;5.4;0.3
736746;0;7.4;0.5
736747;0;10.6;0.91
736748;0;11.8;1.09
736749;3.2;7.4;0.51
736750;0;8.6;0.65
736751;0;8;0.58
736752;0;8.2;0.6
736753;0;6.4;0.4
736754;0;7.8;0.56
736755;0;8.7;0.67
736756;0;9.9;0.84
736757;25.9;6.2;0.39
736758;94.6;5.8;0.35
736759;2.6;7.1;0.49
736760;0;11.1;1.02
736761;0;13.2;1.37
736762;0;15.8;1.85
736763;0;19.6;2.64
736764;0;18.4;2.39
736765;0;17.2;2.15
736766;0;12.2;1.22
736767;5.1;4.4;0.23
736768;6;6.9;0.48
736769;0;8.8;0.72
736770;0;9;0.75
736771;0.9;10;0.89
736772;0;13;1.38
736773;0;12.5;1.3
736774;0;12.4;1.29
736775;0.2;8.6;0.71
736776;6.2;7.2;0.53
736777;0.6;3.1;0.13
736778;0.9;4.8;0.27
736779;2.1;6.1;0.41
736780;13.6;8.8;0.75
736781;7.6;7.1;0.53
736782;0.1;10.1;0.94
736783;0;12;1.26
736784;0;14.9;1.8
736785;0;13.3;1.5
736786;0;11.6;1.2
736787;0;12.2;1.31
736788;0;13;1.46
736789;0;13.1;1.48
736790;0;14.2;1.7
736791;0;13;1.47
736792;0;13.2;1.51
736793;0;12.9;1.46
736794;0;15.2;1.92
736795;0;15.7;2.03
736796;0;17.2;2.37
736797;0;18;2.56
736798;0;17.4;2.43
736799;0;14.8;1.87
736800;0;15.8;2.09
736801;0;16.8;2.32
736802;0;18.3;2.67
736803;0;19.2;2.9
736804;0;15.5;2.05
736805;0;12.8;1.5
736806;0;10.7;1.12
736807;0;12.4;1.43
736808;0;15.2;2
736809;0;15.9;2.16
736810;0;14.4;1.84
736811;0;12.4;1.44
736812;7.5;13;1.56
736813;23.2;10.6;1.12
736814;4.7;11.5;1.28
736815;11.2;9.9;1.01
736816;0;13.2;1.62
736817;0;14.2;1.83
736818;0;19;2.97
736819;0;19.2;3.03
736820;0;13.6;1.72
736821;0;13.2;1.64
736822;0;16.3;2.33
736823;0;18.1;2.77
736824;0;16.7;2.43
736825;21.1;12.2;1.45
736826;30.2;12.2;1.46
736827;8.7;12.2;1.46
736828;0;11.8;1.38
736829;0;14.3;1.9
736830;0;16.9;2.51
736831;0;21;3.61
736832;0;20;3.33
736833;0;16.4;2.41
736834;0;15.4;2.17
736835;0;17.4;2.66
736836;0;21.1;3.67
736837;0;19;3.09
736838;0;20.4;3.48
736839;0;22.2;4.01
736840;0;22.3;4.04
736841;0;20.6;3.55
736842;0;19.8;3.33
736843;0;17.8;2.8
736844;0;14.7;2.05
736845;0;17.1;2.63
736846;0;19.6;3.3
736847;0;22.2;4.05
736848;0;21.6;3.88
736849;0;21.3;3.79
736850;0;18.2;2.93
736851;0;17.6;2.77
736852;0;19.4;3.26
736853;0;20.8;3.66
736854;0;22;4.02
736855;0;21.2;3.78
736856;0;23.2;4.39
736857;0;24.6;4.84
736858;0;24;4.65
736859;0;25;4.98
736860;0;23.8;4.59
736861;0;25.4;5.12
736862;0;27.3;5.79
736863;0;29.6;6.51
736864;0;27.5;5.86
736865;0;26.4;5.46
736866;0;26.9;5.65
736867;0;25.1;5.02
736868;0;24;4.67
736869;0;24;4.67
736870;0;27.7;5.93
736871;0;26;5.32
736872;0;22.9;4.31
736873;0;20.9;3.71
736874;0;17.6;2.79
736875;0;16.2;2.43
736876;0;15.4;2.24
736877;0;19.2;3.22
736878;0;19.5;3.3
736879;0;23.1;4.36
736880;0;25.4;5.1
736881;0;23.2;4.39
736882;0.7;19.4;3.26
736883;0;17.4;2.72
736884;0;19.4;3.26
736885;0;22.5;4.16
736886;0;23.6;4.49
736887;0;26;5.26
736888;0;30.2;6.58
736889;0;32.4;7.03
736890;0;30.8;6.71
736891;0;29.3;6.32
736892;0;26.9;5.55
736893;0;26;5.22
736894;0;24;4.57
736895;0;22;3.95
736896;0;20.8;3.6
736897;0;19.4;3.2
736898;0;20.6;3.53
736899;0;23.6;4.41
736900;0;25.6;5.03
736901;0;25.9;5.12
736902;0;25.2;4.89
736903;0;26.4;5.26
736904;0;27;5.48
736905;0;27.2;5.53
736906;0;27.4;5.59
736907;0;25;4.77
736908;0;24.5;4.61
736909;0;23.5;4.29
736910;0;26.7;5.3
736911;0;29.1;6.04
736912;0;29.6;6.16
736913;0;29.2;6.04
736914;0;29.6;6.13
736915;0;25.9;4.97
736916;0;22.2;3.84
736917;0;20.8;3.44
736918;0;23;4.06
736919;0;23.2;4.1
736920;0;24.4;4.45
736921;0;25.9;4.9
736922;0;25.1;4.64
736923;0;26.6;5.1
736924;0;27;5.22
736925;0;27;5.21
736926;0;27.8;5.45
736927;0;27.1;5.21
736928;0;25;4.53
736929;0;25.6;4.7
736930;0;25.8;4.75
736931;0;26.7;5.02
736932;0;27;5.11
736933;0;27;5.09
736934;4.6;23.8;4.11
736935;0;18.6;2.73
736936;4.6;16;2.12
736937;0;17.8;2.52
736938;0;20.4;3.15
736939;0;22.9;3.8
736940;0;21.4;3.39
736941;0;22.4;3.64
736942;0;23.2;3.85
736943;0;23.6;3.94
736944;0;24.6;4.21
736945;0;24.4;4.14
736946;0;24.4;4.13
736947;0;19.2;2.77
736948;0;17.9;2.46
736949;0;21.6;3.34
736950;0;23.8;3.91
736951;0;24.1;3.98
736952;0;22.4;3.52
736953;0;18.7;2.6
736954;0;16;2.01
736955;0;17;2.21
736956;0;17.4;2.29
736957;0;18.6;2.55
736958;0;20;2.86
736959;0;20;2.85
736960;0;19.7;2.77
736961;0;19;2.6
736962;0;20.2;2.87
736963;0;21;3.05
736964;0;21.4;3.13
736965;3.7;17.8;2.31
736966;0;19.6;2.69
736967;0;19.6;2.68
736968;0;20.1;2.79
736969;0;21.7;3.15
736970;0;20.2;2.79
736971;0;22.1;3.23
736972;0;20.6;2.87
736973;0;20.7;2.88
736974;0;21.6;3.08
736975;0;22;3.16
736976;0;20.8;2.87
736977;0;21;2.91
736978;0;20.4;2.76
736979;0;21.8;3.07
736980;0;24.9;3.81
736981;0;24.6;3.72
736982;0;23.2;3.37
736983;0;22;3.08
736984;0;21.2;2.88
736985;0;21;2.83
736986;56.1;14.2;1.48
736987;20.5;13;1.27
736988;0;15.4;1.68
736989;0;16.2;1.82
736990;0;17.4;2.04
736991;0;16.2;1.81
736992;0;17.7;2.09
736993;0;18.4;2.22
736994;0;18.4;2.21
736995;0;20.4;2.61
736996;0;19.5;2.41
736997;0;16.8;1.88
736998;0;15.6;1.66
736999;0;14;1.38
737000;0;14.8;1.51
737001;0;15.7;1.66
737002;10.4;14.8;1.5
737003;12.5;12.4;1.12
737004;0;12.4;1.12
737005;0;11.5;0.98
737006;0;11;0.91
737007;0;11.4;0.96
737008;0;7.8;0.51
737009;0;6.1;0.34
737010;0;11.2;0.93
737011;0;12.2;1.06
737012;0;11.8;1
737013;0;8.8;0.62
737014;0;10.4;0.81
737015;0;10.6;0.84
737016;0;11.7;0.98
737017;0;12.4;1.08
737018;0;12.4;1.07
737019;0;14.4;1.37
737020;0;14;1.31
737021;0;12.6;1.1
737022;0;14;1.3
737023;0;15.1;1.47
737024;0;14.2;1.33
737025;0;13.7;1.25
737026;0;11.4;0.92
737027;2.1;12.9;1.12
737028;76.1;9.2;0.64
737029;0;3.7;0.14
737030;0;3.2;0.11
737031;0;3;0.1
737032;0;3.2;0.11
737033;0;6.2;0.33
737034;0;6.8;0.39
737035;0;7;0.4
737036;0;7.7;0.47
737037;0;8.6;0.57
737038;0;9;0.61
737039;6.1;9.8;0.7
737040;53.9;3.6;0.13
737041;0;3.5;0.13
737042;0;5;0.23
737043;0;7.5;0.45
737044;36.6;9.8;0.7
737045;3;4.8;0.22
737046;0;4.2;0.17
737047;0;5.2;0.25
737048;0;7.4;0.44
737049;0;6.2;0.33
737050;0;8;0.5
737051;0;8;0.5
737052;0;8.5;0.55
737053;0;7.7;0.47
737054;6.2;6.3;0.34
737055;30.6;6.8;0.38
737056;57.8;8.4;0.54
737057;19.3;8.6;0.56
737058;0;8.8;0.59
737059;0;10.8;0.82
737060;0;9.7;0.69
737061;0;7.8;0.62
737062;0;9.4;0.81
737063;0;10.6;0.97
737064;0;10.6;0.97
737065;1.7;7.2;0.55
737066;78.2;4.3;0.26
737067;0;1;0.03
737068;15.8;2.4;0.11
737069;6.4;3.8;0.22
737070;7.5;8;0.65
737071;0;5.4;0.37
737072;0;5.1;0.34
737073;8.4;5.5;0.38
737074;8.5;3.9;0.23
737075;0;4;0.24
737076;0;6.7;0.51
737077;0;11.4;1.1
737078;0;10.1;0.92
737079;0;9.4;0.84
737080;0;10.2;0.94
737081;0;10.1;0.93
737082;0;11.4;1.11
737083;0;11.8;1.17
737084;0;11.6;1.15
737085;21.8;7;0.55
737086;0;4.4;0.28
737087;0;3.1;0.17
737088;3.5;4.4;0.28
737089;0;9.9;0.92
737090;0;8.9;0.79
737091;0;10;0.94
737092;0;7.1;0.58
737093;0;3.4;0.2
737094;0;2.6;0.14
737095;8.6;1.4;0.06
737096;0.1;1.6;0.07
737097;0.1;1.1;0.04
737098;0;1.1;0.04
737099;0;3;0.17
737100;0.9;3.2;0.19
737101;0;5;0.36
737102;0;6.4;0.51
737103;5.4;4.8;0.34
737104;0;4.1;0.27
737105;0;5.2;0.38
737106;0;9.3;0.89
737107;0;11;1.14
737108;0;9.4;0.91
737109;0;8.8;0.83
737110;0;7.1;0.61
737111;0;8.2;0.75
737112;0;6.9;0.59
737113;0;4.8;0.35
737114;0;5.8;0.46
737115;0;5.4;0.42
737116;4.3;5.4;0.42
737117;10.7;9.6;0.97
737118;37.8;8.2;0.77
737119;70.9;8.8;0.86
737120;142.1;8.7;0.85
737121;186.4;8.5;0.82
737122;21.2;8.4;0.81
737123;74;7.6;0.7
737124;45.4;6.6;0.57
737125;37.1;6.4;0.55
737126;21.6;6;0.5
737127;135.1;10.2;1.09
737128;9.1;10.2;1.09
737129;24.2;8.2;0.8
737130;37.6;5.6;0.46
737131;17.6;8;0.78
737132;56.1;10.2;1.11
737133;30.4;9.3;0.97
737134;40.4;7.6;0.73
737135;7.1;6;0.52
737136;143.6;6.3;0.56
737137;75.7;6.5;0.59
737138;64.7;6.8;0.63
737139;1.4;3.7;0.26
737140;0;3.2;0.21
737141;0;5;0.41
737142;34.7;6;0.53
737143;54.2;5.6;0.48
737144;41.1;5.7;0.5
737145;0;7.4;0.73
737146;0;11.2;1.33
737147;0;13.4;1.73
737148;0;9.2;1.01
737149;23.9;5.4;0.47
737150;10.9;7.9;0.81
737151;0;10.3;1.2
737152;0;12.1;1.52
737153;7.1;9.8;1.12
737154;0.4;9.8;1.12
737155;0;12;1.51
737156;0;12.5;1.61
737157;28.3;6.8;0.67
737158;17.7;7.2;0.73
737159;7.2;5.2;0.46
737160;77.4;6.4;0.62
737161;0.8;5;0.43
737162;30.3;6.4;0.62
737163;23.1;6;0.57
737164;0.1;8.2;0.9
737165;0.9;10.2;1.23
737166;12.1;9.8;1.17
737167;0;12.8;1.72
737168;0;18;2.83
737169;0;15.6;2.31
737170;0.9;13;1.78
737171;1.4;13.6;1.9
737172;0;14.6;2.11
737173;0.4;17.8;2.82
737174;11.3;15.2;2.25
737175;0;15;2.22
737176;0;15.2;2.26
737177;0;14.5;2.12
737178;3.2;9.4;1.13
737179;10.5;7.2;0.77
737180;0;7.2;0.78
737181;5.2;6.8;0.72
737182;0;8.5;0.99
737183;0;10.8;1.41
737184;11.7;11.8;1.6
737185;0;13;1.85
737186;0;14.8;2.23
737187;0;16;2.51
737188;0;15;2.29
737189;0;13.9;2.05
737190;0;13.4;1.95
737191;0;14.5;2.19
737192;0;12.4;1.75
737193;0;10.4;1.36
737194;0;13.2;1.93
737195;0;15.4;2.41
737196;0;15.3;2.39
737197;0;16;2.56
737198;0;15;2.34
737199;6.7;14.8;2.29
737200;8.9;14;2.12
737201;8.6;13.6;2.04
737202;0;14.2;2.17
737203;0;15.8;2.54
737204;0;14.5;2.25
737205;1.5;11.1;1.53
737206;0;11.8;1.67
737207;0;13.5;2.04
737208;1.9;11.2;1.56
737209;0;10.8;1.48
737210;0.1;11.4;1.6
737211;0;14.7;2.31
737212;0;15;2.39
737213;0;11.9;1.71
737214;0;15.2;2.44
737215;0;13.5;2.06
737216;0;12.4;1.82
737217;0;12.2;1.78
737218;0;14.8;2.35
737219;1.9;14.4;2.26
737220;0;13.1;1.98
737221;0;12.9;1.93
737222;0;13;1.96
737223;0;14;2.18
737224;0;18;3.14
737225;0;19.2;3.45
737226;0;21.4;4.04
737227;0;22.5;4.34
737228;0;23.2;4.54
737229;0;24.4;4.88
737230;0;21;3.93
737231;0;22.4;4.32
737232;0.1;21.2;3.99
737233;0;21.6;4.1
737234;0;23.8;4.71
737235;0;23.5;4.63
737236;0;20.2;3.72
737237;0;20;3.66
737238;0;20.1;3.69
737239;0;18.8;3.35
737240;0;18.9;3.37
737241;0;18.4;3.24
737242;0;16.4;2.74
737243;0;16;2.64
737244;0;19;3.39
737245;0;18.4;3.23
737246;0;19;3.38
737247;0;21;3.91
737248;0;22.5;4.31
737249;0;22.6;4.34
737250;0;23.6;4.61
737251;0;22.8;4.38
737252;0;21.8;4.1
737253;0;18.9;3.33
737254;0;17.7;3.03
737255;0;20;3.61
737256;0;16.3;2.68
737257;0;19.4;3.44
737258;0;22.6;4.29
737259;0;23.6;4.56
737260;0;23.2;4.44
737261;0;22.1;4.13
737262;0;22.6;4.26
737263;0;22.2;4.15
737264;0;21.9;4.06
737265;0;21.8;4.02
737266;0;21.4;3.91
737267;0;21.2;3.85
737268;0;22.7;4.24
737269;0;22.5;4.18
737270;0;21.8;3.99
737271;0;21.8;3.98
737272;0;24.4;4.67
737273;0;26.4;5.23
737274;0;29.6;6.2
737275;0;31.4;6.6
737276;0;30;6.28
737277;0;27.9;5.68
737278;0;27.7;5.6
737279;0;28.6;5.86
737280;0;24.6;4.65
737281;0;21.2;3.74
737282;0;23;4.19
737283;0;24.2;4.5
737284;0;24;4.44
737285;0;22.5;4.03
737286;0;23.2;4.2
737287;0;22.8;4.09
737288;0;19.3;3.2
737289;23.9;22;3.86
737290;0;22.1;3.88
737291;0;24.4;4.46
737292;0;23.6;4.24
737293;0;23.1;4.1
737294;0;24.4;4.43
737295;0;23.7;4.23
737296;0;25;4.56
737297;0;26;4.81
737298;0;25.2;4.59
737299;0;26.5;4.92
737300;0;25.2;4.56
737301;0;20.6;3.39
737302;0;21.9;3.7
737303;0;24.4;4.31
737304;0;25.6;4.61
737305;0;26.6;4.86
737306;0;20.3;3.27
737307;0;18.8;2.92
737308;0;18.2;2.78
737309;0;18.6;2.86
737310;0;18;2.72
737311;4.4;16.4;2.37
737312;4.1;18.9;2.9
737313;0;19.8;3.09
737314;0;22;3.59
737315;0;21.3;3.41
737316;10.7;21.4;3.42
737317;6.8;18.2;2.7
737318;10.2;18.9;2.84
737319;0;19.5;2.96
737320;0;21;3.29
737321;0;20.9;3.26
737322;0;21.2;3.31
737323;0;21.2;3.3
737324;0;21.6;3.38
737325;0;23;3.69
737326;0;24.2;3.96
737327;0;24.8;4.09
737328;0;23.2;3.7
737329;0;21;3.19
737330;0;19.8;2.92
737331;0;19.1;2.76
737332;0;19.4;2.82
737333;0;20;2.93
737334;0;21.4;3.23
737335;0;20.4;3
737336;0;18;2.49
737337;0;20.7;3.04
737338;0;20;2.89
737339;0;20.4;2.96
737340;0;20.2;2.91
737341;0;17.6;2.37
737342;0;16;2.06
737343;0;16.6;2.17
737344;4.2;15.6;1.97
737345;0;18.8;2.58
737346;0;20.4;2.89
737347;14.3;15.2;1.88
737348;21.5;11.7;1.28
737349;6.8;13.2;1.52
737350;0;14.7;1.77
737351;19.2;9.7;0.97
737352;0.4;10.2;1.04
737353;47.3;11.3;1.2
737354;50.9;14.3;1.68
737355;0;14.8;1.76
737356;0;15.3;1.84
737357;0;15.7;1.91
737358;0;16.5;2.04
737359;3.3;13.8;1.57
737360;2.9;11.2;1.16
737361;2.6;5.8;0.44
737362;0;6.3;0.5
737363;64.9;6.9;0.57
737364;44.3;6.2;0.49
737365;0;9.4;0.88
737366;0;10.2;0.99
737367;0;12.8;1.37
737368;0;11.8;1.22
737369;22.9;8.2;0.72
737370;0.1;8.8;0.79
737371;22.8;9.4;0.87
737372;17.6;10.52;1.02
737373;0.1;8.65;0.76
737374;0;10.2;0.97
737375;0.2;14.15;1.55
737376;0.1;11.79;1.19
737377;0;12.87;1.35
737378;0.3;13.46;1.43
737379;0;12.43;1.27
737380;0;11.89;1.19
737381;0;12.83;1.32
737382;24.5;10.39;0.97
737383;21.1;8.61;0.74
737384;45.3;9;0.79
737385;22;9.19;0.81
737386;14.8;9.41;0.84
737387;11.7;7.98;0.66
737388;0.3;7.41;0.59
737389;67.8;10.66;1
737390;10.4;8.91;0.77
737391;0;8.57;0.72
737392;0;10.57;0.98
737393;0;11.64;1.12
737394;9.8;9.8;0.87
737395;0;8.72;0.73
737396;0.1;12.45;1.23
737397;0;14.62;1.55
737398;0;15.84;1.74
737399;0;15.7;1.71
737400;0;14.61;1.54
737401;0;13.55;1.38
737402;0;12.63;1.25
737403;0;13.42;1.36
737404;0;15.27;1.64
737405;0;10.45;0.94
737406;0;10.99;1.01
737407;41.8;8.19;0.66
737408;0;6.79;0.5
737409;0;7.96;0.63
737410;6.8;10.43;0.94
737411;0.1;7.6;0.59
737412;0;10.29;0.92
737413;9.5;9.05;0.76
737414;0;7.82;0.62
737415;0;8.93;0.75
737416;0;10.77;0.98
737417;0;11.38;1.06
737418;0;11.65;1.1
737419;0;11.3;1.05
737420;0;9.4;0.81
737421;0;8.61;0.71
737422;0;8.01;0.64
737423;0;7.91;0.63
737424;0;9.87;0.87
737425;0;9.1;0.77
737426;0;11.4;0.85
737427;0;9.09;0.58
737428;0;8.1;0.48
737429;0;7.25;0.39
737430;0;7.55;0.42
737431;0;8.08;0.48
737432;0;6.97;0.37
737433;0;7.13;0.38
737434;0;7.86;0.46
737435;0;7.43;0.41
737436;0;5.83;0.27
737437;0;6.06;0.29
737438;0;6.82;0.36
737439;0;7.51;0.43
737440;0;7.76;0.45
737441;0;7.74;0.45
737442;0;7.41;0.42
737443;0;5.88;0.28
737444;44.3;6.62;0.35
737445;21.2;6.94;0.38
737446;0;6.3;0.32
737447;2.1;5.12;0.22
737448;2;6.25;0.32
737449;0;8.9;0.58
737450;0;9.73;0.68
737451;0;10.18;0.74
737452;0;9.3;0.63
737453;0;7.63;0.45
737454;0;7.65;0.45
737455;23.1;8.16;0.51
737456;106.7;8.39;0.54
737457;141.2;7.66;0.46
737458;0;4.86;0.21
737459;0;4.33;0.17
737460;0;6.27;0.33
737461;0;9;0.61
737462;0;9.97;0.73
737463;0;9.89;0.73
737464;0;9.25;0.65
737465;0;8.6;0.57
737466;0;8.21;0.53
737467;0.6;11.28;0.92
737468;0;9.59;0.7
737469;0;10.03;0.76
737470;0;10.4;0.81
737471;0;10.6;0.84
737472;0;10.85;0.88
737473;0;11.5;0.97
737474;0;10.47;0.83
737475;0;10.79;0.88
737476;0;10.32;0.81
737477;0;12.2;1.09
737478;0;13.43;1.29
737479;0;11.88;1.05
737480;0;12.45;1.14
737481;0;13.25;1.27
737482;0;14.13;1.42
737483;0;13.48;1.32
737484;0;12.64;1.18
737485;0;11.34;0.99
737486;0;12.16;1.11
737487;0;13.84;1.4
737488;0;12.24;1.14
737489;6.3;12.39;1.16
737490;26;9.76;0.78
737491;0;8.49;0.61
737492;0.8;9.27;0.71
737493;0;11.3;1.01
737494;0;13.33;1.34
737495;0;15.33;1.71
737496;0;15.78;1.8
737497;0;13.76;1.43
737498;0;13.08;1.32
737499;0;15.41;1.75
737500;0;17.15;2.11
737501;0;14.9;1.66
737502;0;13.15;1.35
737503;0;12.53;1.24
737504;0;10.79;0.96
737505;0;9.77;0.82
737506;0;11.01;1.01
737507;0;11.06;1.02
737508;0;12.27;1.22
737509;0;13.9;1.52
737510;0;14.24;1.59
737511;0;11.25;1.06
737512;0;10.88;1
737513;0;11.54;1.12
737514;0;12.78;1.33
737515;27.1;11.31;1.09
737516;7;9.69;0.83
737517;0;11.09;1.06
737518;0;12.4;1.28
737519;0;10.17;0.91
737520;45.3;6.45;0.42
737521;27.8;5.82;0.35
737522;68.1;7.61;0.56
737523;30.6;9.37;0.81
737524;0;8.72;0.71
737525;0;9.85;0.88
737526;0;11.16;1.1
737527;0;12.44;1.33
737528;0;14.19;1.67
737529;0;16.45;2.15
737530;0;17.51;2.4
737531;0;15.53;1.96
737532;0;15.04;1.86
737533;13.2;10.53;1.01
737534;3.9;9.94;0.92
737535;1.2;9.8;0.9
737536;0.7;10.35;0.99
737537;0;11.58;1.21
737538;18.7;9.1;0.8
737539;22.4;8.25;0.68
737540;42.6;9.94;0.94
737541;0;11.28;1.17
737542;0;14.73;1.85
737543;0;17.74;2.55
737544;0;18.54;2.76
737545;0;18.88;2.85
737546;0;19.76;3.09
737547;0;19.33;2.99
737548;0;18.62;2.81
737549;0;16.2;2.21
737550;0;16.55;2.3
737551;0;16.85;2.38
737552;0;17.75;2.61
737553;0;15.5;2.07
737554;0;15.21;2.01
737555;0;18.89;2.92
737556;0;21.5;3.66
737557;0;22.33;3.91
737558;0;23.58;4.3
737559;0;21.5;3.68
737560;0;22.18;3.89
737561;0;21.94;3.83
737562;0;15.17;2.04
737563;0;13.83;1.74
737564;0;14.4;1.87
737565;0;16.58;2.38
737566;0;17.63;2.65
737567;0;18.98;3.02
737568;0;20.8;3.54
737569;0;20.07;3.33
737570;0;20.35;3.42
737571;0;20.76;3.54
737572;0;22.55;4.09
737573;0;24.02;4.56
737574;0;23.49;4.4
737575;0;21.21;3.69
737576;0;21.25;3.71
737577;0;22.76;4.18
737578;0;24.29;4.68
737579;0;24.25;4.67
737580;0;22.07;3.98
737581;0;17.23;2.6
737582;0;16.91;2.52
737583;0;16.68;2.47
737584;0;20.03;3.38
737585;0;19.18;3.14
737586;0;17.62;2.72
737587;0;18.64;2.99
737588;0;19.01;3.1
737589;0;18.39;2.93
737590;0;15.1;2.09
737591;0;17.83;2.78
737592;0;20.77;3.61
737593;0;20.9;3.65
737594;0;20.19;3.44
737595;0;19.63;3.28
737596;0;18.53;2.97
737597;0;20.32;3.48
737598;0;22.48;4.14
737599;0;22.96;4.29
737600;0;22.69;4.21
737601;0;23.38;4.43
737602;0;23.04;4.32
737603;0;23.45;4.45
737604;0;25.83;5.25
737605;0;27.68;5.92
737606;0;25.94;5.28
737607;0;23.85;4.57
737608;0;23.21;4.36
737609;0;22.77;4.21
737610;0;21.57;3.84
737611;0;22.85;4.23
737612;0;23.28;4.37
737613;0;22.26;4.04
737614;0;19.29;3.16
737615;0;20.98;3.64
737616;0;24.7;4.82
737617;0;28.22;6.03
737618;0;28.02;5.96
737619;0;23.6;4.44
737620;0;22.58;4.11
737621;0;25.84;5.17
737622;0;25.74;5.13
737623;0;23.15;4.27
737624;0;24.83;4.81
737625;0;28;5.9
737626;0;28.79;6.13
737627;0;28.48;6.03
737628;0;28.56;6.04
737629;0;29.37;6.27
737630;0;29.01;6.15
737631;0;27;5.51
737632;0;22.87;4.12
737633;0.3;19.67;3.17
737634;0.1;20.85;3.5
737635;0;23.99;4.45
737636;2.1;26.05;5.11
737637;0;27.02;5.45
737638;0;26.56;5.27
737639;0;27.31;5.52
737640;0;26.95;5.39
737641;0;27.34;5.51
737642;0;27.64;5.59
737643;0;27.77;5.62
737644;0;27.05;5.37
737645;0;27.45;5.49
737646;0;26.51;5.16
737647;0;26.38;5.1
737648;0;24.93;4.61
737649;0;24;4.31
737650;0;25.17;4.66
737651;0;26.7;5.16
737652;0;28.14;5.61
737653;0;28.75;5.77
737654;0;29.23;5.89
737655;0;27.59;5.4
737656;0;26.33;4.96
737657;0;26.12;4.88
737658;0;25.87;4.79
737659;0;25.38;4.62
737660;0;26.17;4.85
737661;0;26.89;5.09
737662;0;25.95;4.76
737663;0;23.55;4.02
737664;0;23.21;3.91
737665;0;25.31;4.52
737666;0;26.8;4.99
737667;0;27.53;5.2
737668;0;27.89;5.29
737669;0;27.65;5.21
737670;0;27.28;5.08
737671;0;27.39;5.1
737672;0;26.1;4.67
737673;0;25.61;4.5
737674;0;25.54;4.47
737675;0;24.14;4.04
737676;11.8;21.14;3.21
737677;0;21.08;3.18
737678;0;19.98;2.89
737679;0;18.92;2.63
737680;0;19.5;2.76
737681;0.2;19.46;2.74
737682;16;19.02;2.63
737683;0.1;20.8;3.05
737684;0;21.45;3.21
737685;0;22.95;3.59
737686;0;21.48;3.19
737687;0;21.92;3.29
737688;0;21.18;3.1
737689;0;19.03;2.57
737690;3.3;17.98;2.32
737691;0;19.07;2.56
737692;0;21.6;3.16
737693;0;21.85;3.21
737694;0;21.97;3.23
737695;0;22.69;3.4
737696;0;23.45;3.59
737697;0;24.09;3.75
737698;0;23.26;3.52
737699;0;23.38;3.53
737700;0;20.3;2.77
737701;0;19.86;2.66
737702;0;21.44;3.02
737703;0;20.1;2.69
737704;0;21.2;2.94
737705;0;22.56;3.26
737706;0;23.49;3.48
737707;0;23.08;3.37
737708;0;22.95;3.32
737709;0;22.99;3.32
737710;0;23.45;3.43
737711;0;22.97;3.29
737712;14.7;16.85;1.93
737713;0.1;13.07;1.24
737714;0;13.83;1.37
737715;0;15.48;1.65
737716;0;16.82;1.9
737717;21.5;15.7;1.68
737718;5.9;11.92;1.04
737719;1;10.8;0.88
737720;4.8;8.9;0.63
737721;8.8;9.82;0.74
737722;0;11.97;1.04
737723;0;16.67;1.83
737724;0;18.65;2.2
737725;0;18.43;2.15
737726;0;16.75;1.82
737727;0;15.6;1.61
737728;0;16.17;1.7
737729;0.3;16.9;1.83
737730;0;18.09;2.05
737731;27.4;15.36;1.55
737732;36.6;13.56;1.24
737733;9.7;13.2;1.18
737734;20.5;11.33;0.91
737735;0;11.15;0.88
737736;22.5;10.98;0.86
737737;0;8.71;0.57
737738;0;8.57;0.56
737739;2.7;9.56;0.67
737740;1.3;10.18;0.74
737741;0;11.6;0.93
737742;10.3;10.93;0.83
737743;20;8.58;0.55
737744;0.1;6.22;0.32
737745;0;5.75;0.28
737746;25.4;7.28;0.41
737747;15.9;8.35;0.52
737748;0;7.04;0.39
737749;10.9;7.33;0.41
737750;29;9.65;0.66
737751;107;11.89;0.94
737752;10.8;9.2;0.61
737753;0;8.82;0.56
737754;9.1;11.05;0.83
737755;1.5;12.65;1.04
737756;15.9;12.38;1
737757;0;11.34;0.86
737758;0;10.86;0.8
737759;0;12.91;1.07
737760;22.3;10.05;0.7
737761;2.2;8.24;0.49
737762;1.7;9.47;0.62
737763;0;8.82;0.55
737764;0;8.5;0.52
737765;0;10.84;0.79
737766;0;10.84;0.78
737767;0;9.87;0.67
737768;0.2;10.69;0.76
737769;0;10.53;0.74
737770;0;10.83;0.78
737771;0.1;7.36;0.4
737772;8.6;9.9;0.67
737773;0;9.8;0.66
737774;0;8.55;0.52
737775;10.3;12.89;1.05
737776;19.4;7.13;0.38
737777;1.2;8.03;0.46
737778;50.6;10.85;0.78
737779;265.9;13.26;1.1
737780;132.3;12.93;1.05
737781;0;11.18;0.82
737782;0;12.3;0.97
737783;0;14.69;1.31
737784;0;13.57;1.14
737785;0;13.94;1.2
737786;0;16.03;1.53
737787;0;14.49;1.28
737788;0;13.85;1.19
737789;0;9.05;0.57
737790;0;6.8;0.35
737791;0;9.39;0.57
737792;0;9.48;0.58
737793;0;7.9;0.42
737794;0;8.16;0.44
737795;0;7.83;0.41
737796;0;7.07;0.34
737797;0;8.83;0.51
737798;0;9.7;0.61
737799;0;8.41;0.47
737800;0;7.73;0.41
737801;0;7.26;0.36
737802;0;7.15;0.35
737803;0;6.83;0.33
737804;0;6.6;0.31
737805;0;8.72;0.51
737806;0;9.98;0.65
737807;0;9.16;0.56
737808;0;8.1;0.45
737809;0;6.9;0.34
737810;0;5.9;0.26
737811;0.4;4.82;0.18
737812;17.2;6.22;0.28
737813;23.6;7.5;0.39
737814;31.7;7.65;0.41
737815;53.6;7.36;0.38
737816;0.8;7.67;0.41
737817;0;6.79;0.33
737818;0;9.76;0.64
737819;0;10.55;0.74
737820;0;11.34;0.84
737821;0;12.64;1.03
737822;0;11.74;0.9
737823;0;13.38;1.14
737824;0;14.88;1.38
737825;0;14.24;1.28
737826;0;13.74;1.21
737827;0;12.2;0.98
737828;0;11.11;0.83
737829;0;10.34;0.73
737830;0;10.54;0.76
737831;0;12.16;0.99
737832;0;12.8;1.09
737833;0;12.34;1.02
737834;0;11.62;0.92
737835;0;12.08;0.99
737836;0;12.93;1.12
737837;0;13.82;1.26
737838;0;12.73;1.09
737839;0;13.15;1.16
737840;0;11.83;0.97
737841;0;12.83;1.12
737842;0;13.5;1.23
737843;0;14.28;1.37
737844;0;15.11;1.52
737845;0;16.38;1.76
737846;0;13.1;1.18
737847;0;11.97;1.01
737848;0;11.79;0.99
737849;0;13.89;1.33
737850;12.2;12.56;1.11
737851;4.9;11.08;0.89
737852;21.3;11.23;0.92
737853;0;10.51;0.82
737854;0;12.83;1.17
737855;0;10.58;0.83
737856;0;9.9;0.74
737857;0;10.84;0.88
737858;0;12.82;1.19
737859;0;14.1;1.41
737860;0;16.14;1.8
737861;0;19;2.42
737862;0;20.86;2.87
737863;0;16.8;1.96
737864;0;15.2;1.64
737865;0;15.05;1.62
737866;1.6;10.46;0.85
737867;12.9;7.92;0.52
737868;0;12.88;1.24
737869;0;12.83;1.23
737870;0.5;11.6;1.03
737871;58.2;7.75;0.5
737872;4.3;7.71;0.5
737873;0.2;8.26;0.57
737874;13.4;9.01;0.67
737875;0.9;9.53;0.74
737876;0;11.09;0.97
737877;0;10.66;0.91
737878;0;10.23;0.85
737879;1.3;10.36;0.87
737880;2.4;10.66;0.92
737881;34.7;10.23;0.85
737882;4;9.54;0.76
737883;31.4;7.53;0.5
737884;0;11;0.98
737885;0.3;11.34;1.04
737886;0;14.25;1.57
737887;0.1;13.58;1.45
737888;0;14.83;1.7
737889;0;15.92;1.93
737890;0.7;14.75;1.69
737891;0;13.35;1.42
737892;0;14.92;1.74
737893;0;14.55;1.67
737894;5.9;13.1;1.38
737895;1.2;12.72;1.32
737896;14.4;12.83;1.34
737897;0;14.5;1.68
737898;0;14.7;1.72
737899;0;15.13;1.82
737900;0;14.65;1.72
737901;18.8;11.31;1.09
737902;29.3;8.83;0.7
737903;0;13.23;1.45
737904;0;15.04;1.82
737905;0;16.4;2.14
737906;16.1;13.22;1.46
737907;0.1;11.17;1.08
737908;1.4;11.06;1.06
737909;0.6;12.19;1.27
737910;0;13.41;1.51
737911;0.8;13.3;1.49
737912;0;17.03;2.33
737913;0;20.64;3.29
737914;0;23.93;4.29
737915;0;24.61;4.52
737916;0;19.53;3
737917;0;19.96;3.13
737918;0;21.49;3.58
737919;0;20.43;3.27
737920;0.8;15.48;2
737921;20.9;11.41;1.16
737922;6.6;12.36;1.34
737923;3.3;11.63;1.21
737924;12.1;11.62;1.21
737925;25.8;9.63;0.86
737926;3.1;11.62;1.21
737927;40.7;12.18;1.32
737928;13.4;12.81;1.45
737929;0;16.72;2.33
737930;0;20.24;3.29
737931;0;21.73;3.74
737932;0;22.63;4.03
737933;0;23.75;4.4
737934;0;24.86;4.79
737935;0;24.14;4.55
737936;0;24.25;4.59
737937;0;22.76;4.11
737938;0;21.65;3.76
737939;0;21.42;3.69
737940;0;23.24;4.28
737941;0;23.22;4.28
737942;6.5;19.71;3.2
737943;0;20.91;3.56
737944;0;20.58;3.46
737945;0;19.46;3.13
737946;38.3;15.74;2.15
737947;0.7;16.94;2.45
737948;0;18.74;2.94
737949;0;16.98;2.46
737950;0.2;16.09;2.24
737951;0;17.35;2.56
737952;0;18.45;2.87
737953;3.7;16.14;2.26
737954;8.2;14.29;1.82
737955;0.1;15.92;2.2
737956;0;17.48;2.61
737957;0;18.82;2.97
737958;0;18.98;3.02
737959;0;20.31;3.41
737960;0;20.33;3.42
737961;0;21.13;3.66
737962;0;23.15;4.31
737963;0;25.72;5.2
737964;0;26.78;5.61
737965;0;28.33;6.14
737966;0;27.51;5.87
737967;0;25.54;5.14
737968;0;22.08;3.96
737969;0;23.11;4.29
737970;0;25.6;5.15
737971;0;27.54;5.87
737972;0;27.44;5.83
737973;0;26.7;5.56
737974;0;26.2;5.36
737975;0;25.4;5.06
737976;0;26.53;5.48
737977;0;28.11;6.03
737978;0;28.58;6.17
737979;0;30.02;6.57
737980;0;30.32;6.64
737981;0;25.31;5.01
737982;0;26.36;5.38
737983;0;27.72;5.86
737984;0;28.58;6.13
737985;0;27.4;5.74
737986;0;27.47;5.76
737987;0;27.27;5.68
737988;0;28.07;5.94
737989;0;29.33;6.31
737990;0;28.9;6.18
737991;0;28.75;6.12
737992;0;30.01;6.45
737993;0;29.66;6.35
737994;0;25.59;5.01
737995;0;27.54;5.7
737996;0;29.03;6.15
737997;0;29.78;6.34
737998;0;30.75;6.56
737999;0;31.28;6.66
738000;0;28.82;6.04
738001;0;29.78;6.29
738002;0;30.78;6.51
738003;0;29.64;6.23
738004;0;32.02;6.73
738005;0;30.53;6.42
738006;0;26.48;5.2
738007;0;26.38;5.15
738008;0;27.97;5.69
738009;0;29.43;6.09
738010;0;30.3;6.29
738011;0;31;6.43
738012;0;30.63;6.33
738013;0.4;28.45;5.76
738014;0;26.63;5.17
738015;0;22.99;3.95
738016;0;22.99;3.94
738017;0;24;4.24
738018;0;23.15;3.97
738019;0;22.24;3.69
738020;0;23.92;4.19
738021;0;26.21;4.92
738022;0;27.26;5.27
738023;0;27.34;5.28
738024;0;27.43;5.29
738025;0;27.15;5.19
738026;0;28.17;5.48
738027;0;27.68;5.32
738028;0;27.65;5.3
738029;0;28.64;5.57
738030;0;29.28;5.72
738031;0;26.38;4.84
738032;0;21.1;3.23
738033;0;21.96;3.46
738034;0;22.51;3.61
738035;0;22.21;3.51
738036;0;22.96;3.72
738037;0;24.25;4.08
738038;0;24.63;4.19
738039;0;25.43;4.42
738040;0;26.4;4.71
738041;0;26.41;4.7
738042;0;24.56;4.11
738043;0;23.47;3.78
738044;0;24.39;4.04
738045;0;25.03;4.22
738046;0;26.03;4.51
738047;0;25.58;4.35
738048;0;24.52;4.02
738049;0;22.85;3.54
738050;0;22.39;3.4
738051;0;22.66;3.46
738052;0.8;19.58;2.66
738053;8.8;16.38;1.92
738054;0;17.82;2.23
738055;0;20.46;2.84
738056;0;20.93;2.95
738057;0;20.23;2.77
738058;0;22.38;3.31
738059;0;21.14;2.98
738060;0;18.68;2.38
738061;0;18.65;2.36
738062;0;19.88;2.64
738063;0;22.42;3.26
738064;0;21.15;2.93
738065;0;19.34;2.49
738066;0;14.2;1.43
738067;0;12.16;1.08
738068;0;13.89;1.36
738069;0;15.18;1.59
738070;0;16.81;1.9
738071;0;20.27;2.65
738072;0;21.72;2.99
738073;0;20.45;2.68
738074;0;20.46;2.67
738075;0;19.37;2.41
738076;0;17.23;1.95
738077;0;16.44;1.79
738078;0;15.98;1.69
738079;0;13.7;1.28
738080;0;13.67;1.27
738081;0;14.65;1.43
738082;0;15.95;1.66
738083;0;19.17;2.3
738084;0;19;2.26
738085;0;14.15;1.33
738086;0;13.47;1.21
738087;0;13.21;1.17
738088;0;12.78;1.1
738089;0;11.95;0.97
738090;0;10.95;0.83
738091;0;10.28;0.74
738092;0;12.71;1.07
738093;0;16.67;1.74
738094;0;18.27;2.04
738095;0;17.05;1.8
738096;0;16.77;1.74
738097;0;17.51;1.87
738098;0;16.46;1.67
738099;0;14.68;1.36
738100;0;13.34;1.14
738101;1.8;16.81;1.72
738102;7.2;13.24;1.12
738103;0;13.92;1.22
738104;0.3;13.18;1.1
738105;0;12.04;0.94
738106;0;13.97;1.22
738107;0;13.56;1.15
738108;0;14.9;1.36
738109;2.4;14.56;1.3
738110;0;16.39;1.6
738111;0;17.99;1.89
738112;9.9;16.32;1.58
738113;0;16.53;1.62
738114;0;15.93;1.51
738115;0;15.03;1.36
738116;0;13.12;1.06
738117;0;11.82;0.88
738118;0;9.76;0.62
738119;0;11.11;0.78
738120;26.6;10.9;0.76
738121;23.3;7.74;0.41
738122;3.2;7.13;0.35
738123;4.1;8.81;0.51
738124;5.1;10.89;0.75
738125;0;12.04;0.89
738126;0;10.72;0.73
738127;0;10.34;0.68
738128;0;9.78;0.61
738129;0;7.11;0.35
738130;0;4.09;0.13
738131;0;5.63;0.23
738132;0.6;8.33;0.46
738133;0.8;8.71;0.5
738134;2;7.29;0.36
738135;59.4;10.75;0.72
738136;22.6;12.76;0.98
738137;14.3;12.47;0.94
738138;0.2;13.3;1.05
738139;24.2;11.92;0.87
738140;5.8;10.08;0.64
738141;16.7;8.91;0.51
738142;0.8;9.04;0.53
738143;0.2;8.88;0.51
738144;4.1;8.58;0.48
738145;2.5;9.85;0.61
738146;0.1;9.2;0.54
738147;0;12.32;0.92
738148;0;10.82;0.73
738149;0;9.92;0.62
738150;0;8.92;0.52
738151;0;7.49;0.38
738152;0;5.55;0.22
738153;30.5;6.8;0.32
738154;4.3;5.49;0.22
738155;0;4.21;0.14
738156;3.2;1.7;0.03
738157;8.5;5.57;0.22
738158;0;4.33;0.14
738159;0;3.01;0.07
738160;0;3.82;0.11
738161;0;4.89;0.18
738162;5.9;4.99;0.18
738163;22.5;6.13;0.27
738164;36.6;8.26;0.45
738165;6.6;3.56;0.1
738166;0.1;1.87;0.03
738167;0;3.46;0.1
738168;0.2;3.25;0.09
738169;0.1;4.07;0.13
738170;0;5;0.19
738171;0;6.1;0.27
738172;0;6.62;0.31
738173;0;8.13;0.45
738174;0;8.69;0.51
738175;0;7.92;0.43
738176;55.4;8.27;0.47
738177;15.2;8.96;0.54
738178;34.8;9.85;0.64
738179;32.9;8.32;0.48
738180;54.2;10.64;0.74
738181;48.5;10.3;0.7
738182;3.4;11.9;0.91
738183;0.4;13.08;1.08
738184;0;14.13;1.24
738185;0;13.4;1.13
738186;11.6;10.42;0.72
738187;5.6;9.85;0.66
738188;7.7;11.45;0.86
738189;0;10.78;0.78
738190;0;10.25;0.71
738191;0;11.53;0.88
738192;4.6;10.18;0.71
738193;21.6;7.43;0.4
738194;19.3;6.3;0.3
738195;55.9;8.45;0.51
738196;53.1;8.87;0.56
738197;128.2;10.23;0.72
738198;1.8;11.31;0.87
738199;4.1;11.37;0.88
738200;0;10.02;0.7
738201;0;11.44;0.9
738202;0;13.15;1.15
738203;0;12.52;1.06
738204;0;13.79;1.26
738205;0;12.03;0.99
738206;0;13.85;1.28
738207;0;15.08;1.5
738208;29.3;9.41;0.65
738209;0;7.67;0.45
738210;0;8.57;0.55
738211;0;10.73;0.83
738212;0;11.64;0.96
738213;0;11.23;0.9
738214;0;10.38;0.79
738215;0;9.59;0.69
738216;1.5;10.25;0.77
738217;0;10.83;0.86
738218;0;11.81;1
738219;0;10.82;0.86
738220;34.1;9.14;0.64
738221;1.5;9.27;0.66
738222;8;9.94;0.75
738223;6.3;8.63;0.58
738224;1.4;7.9;0.5
738225;0.1;9.7;0.72
738226;0;11.15;0.93
738227;0;12.07;1.08
738228;0;11.71;1.02
738229;0;12.28;1.12
738230;0;13.66;1.36
738231;0;13.78;1.38
738232;0;14.07;1.44
738233;0;14.16;1.46
738234;0;10.57;0.87
738235;0.4;8.5;0.59
738236;0;8.79;0.63
738237;0;10.88;0.92
738238;0;12.68;1.22
738239;0;13.7;1.4
738240;0;14.35;1.53
738241;0;14.6;1.58
738242;0;15.9;1.85
738243;0;16.1;1.9
738244;0;16.46;1.98
738245;0;17.55;2.23
738246;0;19.38;2.67
738247;0.9;17.25;2.18
738248;0.8;13.53;1.42
738249;0;12.98;1.32
738250;0;14.18;1.55
738251;1.6;14.37;1.59
738252;0;15.71;1.87
738253;0;16.27;2
738254;0;14.58;1.65
738255;0;14.6;1.66
738256;0;14.78;1.7
738257;0.7;12.95;1.35
738258;0;14.03;1.56
738259;0;16.13;2
738260;0;15.28;1.82
738261;3.7;13.29;1.43
738262;9.3;12.99;1.37
738263;0;13.62;1.5
738264;0;15.13;1.81
738265;0;15.99;2.01
738266;0;15.31;1.86
738267;0;14.03;1.6
738268;9.7;13.74;1.54
738269;0;14.88;1.79
738270;0;13.72;1.55
738271;6.3;13.75;1.56
738272;0;12.83;1.38
738273;17.7;13.07;1.43
738274;0;13.48;1.52
738275;0;13.27;1.48
738276;0;11.64;1.17
738277;0;11.4;1.13
738278;0;13.27;1.49
738279;0;14.1;1.66
738280;0;16.88;2.3
738281;0;18.41;2.69
738282;0;19.6;3.02
738283;0;20.18;3.19
738284;0;21.36;3.54
738285;12.5;16.24;2.17
738286;6.1;11.54;1.18
738287;0;13.32;1.53
738288;0;14.94;1.88
738289;0;17.19;2.43
738290;0;18.59;2.8
738291;0;20.85;3.44
738292;0;22.55;3.96
738293;0;22.35;3.91
738294;0;22.45;3.95
738295;0;23.27;4.22
738296;0;23.08;4.16
738297;0;22.96;4.13
738298;0;21.8;3.77
738299;0.6;17.44;2.53
738300;0;17.94;2.67
738301;0;21.11;3.58
738302;0;21.26;3.63
738303;1.1;18.31;2.78
738304;0.1;19.76;3.19
738305;0;23.73;4.44
738306;0;23.87;4.49
738307;0;25.3;4.99
738308;0;18.68;2.9
738309;0;19.48;3.13
738310;0;20.6;3.47
738311;0;20.62;3.47
738312;9.4;18.63;2.9
738313;0.1;20.77;3.53
738314;0;24.41;4.71
738315;0;26.58;5.51
738316;0;26.48;5.46
738317;0;26.74;5.57
738318;0;26.01;5.3
738319;0;24.2;4.66
738320;0;24.27;4.68
738321;0;24.49;4.76
738322;0;25.15;4.99
738323;0;21.23;3.69
738324;2.4;16.15;2.26
738325;3.9;16.2;2.28
738326;0;15.86;2.19
738327;0;16.26;2.29
738328;4.1;17.42;2.59
738329;0;17.64;2.65
738330;0;21.21;3.69
738331;0;23.18;4.32
738332;0;24.99;4.94
738333;0;24.87;4.9
738334;0;23.84;4.54
738335;0;22.63;4.14
738336;0;23.8;4.52
738337;0;24.94;4.91
738338;0;25.56;5.13
738339;0;26.22;5.37
738340;0;25.8;5.21
738341;0;25.9;5.24
738342;0;26.57;5.5
738343;0;24.62;4.78
738344;0;23.73;4.47
738345;0;24.8;4.84
738346;0;26.08;5.29
738347;0;29.93;6.53
738348;0;32.88;7.13
738349;0;28.13;6
738350;0;24.33;4.65
738351;0;26.07;5.25
738352;0;26.61;5.45
738353;0;28.41;6.06
738354;0;28.83;6.17
738355;0;27.5;5.74
738356;0;27.22;5.64
738357;0;25.98;5.17
738358;0;27.08;5.57
738359;0;29.84;6.4
738360;0;30.13;6.46
738361;0;28.28;5.94
738362;0;25.67;5.02
738363;0;23.5;4.28
738364;0;26.75;5.4
738365;0;28.35;5.92
738366;0;28.37;5.91
738367;0;27.58;5.65
738368;0;23.85;4.35
738369;0;22.57;3.93
738370;0;23.48;4.21
738371;0;24.75;4.62
738372;0;26.35;5.15
738373;0;27.88;5.67
738374;0;27.7;5.6
738375;0;24.9;4.63
738376;0;24.41;4.45
738377;0;25.64;4.85
738378;0;27.48;5.48
738379;0;28.98;5.91
738380;0;29.93;6.14
738381;0;34.81;6.91
738382;0;36.23;6.97
738383;0;34.78;6.87
738384;0;33.78;6.75
738385;0;28.99;5.82
738386;0;27.05;5.23
738387;0;26.71;5.1
738388;0;26.63;5.06
738389;0;27.03;5.18
738390;0;28.61;5.64
738391;0;28.89;5.7
738392;0;26.63;5
738393;0;24.93;4.42
738394;0;25.83;4.7
738395;0;26.1;4.77
738396;0;24.08;4.12
738397;0;22.28;3.58
738398;0;23.58;3.94
738399;0;24.1;4.09
738400;0;23.1;3.78
738401;0;22.13;3.49
738402;0;23.34;3.83
738403;0;24.94;4.29
738404;0;27.01;4.95
738405;0;28.79;5.44
738406;0;28;5.21
738407;0;22.15;3.43
738408;0;20.65;3.02
738409;0;22.87;3.61
738410;0;24.64;4.11
738411;0;26.67;4.73
738412;0;24.45;4.03
738413;13.7;19.75;2.74
738414;1.7;18.46;2.42
738415;0;19.07;2.56
738416;0;20.8;2.98
738417;0;21.59;3.17
738418;0;21.8;3.22
738419;0;22.65;3.43
738420;0.2;21.62;3.15
738421;0;20.45;2.84
738422;0;19.39;2.58
738423;0.2;19.93;2.7
738424;0;18.21;2.29
738425;0;19.65;2.61
738426;0;21.05;2.94
738427;0;20.92;2.9
738428;0;21.86;3.13
738429;0;23.18;3.46
738430;0;21.87;3.11
738431;0;20.8;2.83
738432;26.8;16.27;1.82
738433;0;14.42;1.46
738434;0;16.95;1.95
738435;0;19.98;2.6
738436;0;20.85;2.8
738437;0;20.94;2.81
738438;0;20.13;2.61
738439;0;19.94;2.56
738440;0;19.74;2.5
738441;0;20.82;2.74
738442;0;19.81;2.5
738443;0;19.71;2.47
738444;0;19.39;2.39
738445;0;19.41;2.39
738446;0;20.48;2.62
738447;0;21.05;2.74
738448;0;21.11;2.75
738449;0;20.77;2.66
738450;0;19.02;2.26
738451;0;16.11;1.68
738452;0;15.27;1.52
738453;0;16.3;1.7
738454;0;16.21;1.68
738455;0;16.24;1.68
738456;0;16.19;1.66
738457;0;16.48;1.71
738458;0.7;15.23;1.48
738459;107.5;15.33;1.49
738460;141.7;16.33;1.67
738461;99.4;16.13;1.63
738462;6.6;14.32;1.31
738463;1.2;11.64;0.9
738464;0;9.47;0.62
738465;0;8.48;0.51
738466;0;8.19;0.48
738467;0;8.28;0.48
738468;0;9.05;0.57
738469;0;11.25;0.83
738470;0;10.96;0.79
738471;0;10.75;0.76
738472;0;10.91;0.78
738473;0;12.6;1.01
738474;0;13.57;1.15
738475;0;12.5;0.99
738476;0;10.25;0.69
738477;0;10.17;0.68
738478;0;10.84;0.76
738479;0;12.82;1.03
738480;9.4;11.88;0.89
738481;12.2;10.24;0.68
738482;14.9;9.78;0.63
738483;5.8;6.79;0.33
738484;0;6.45;0.3
738485;6.8;6.87;0.33
738486;0;5.78;0.24
738487;0.7;6.62;0.31
738488;0;4.78;0.17
738489;2.1;7.93;0.43
738490;0;7.79;0.41
738491;0.3;6.56;0.3
738492;8.2;6.72;0.32
738493;0;5.75;0.24
738494;0;7.96;0.42
738495;0;8.89;0.52
738496;0;7.52;0.38
738497;2.2;9.28;0.56
738498;31.2;9.03;0.53
738499;0;8.23;0.45
738500;0;9.19;0.55
738501;0;11.2;0.78
738502;0;12.99;1.01
738503;0;12.82;0.99
738504;0;12.16;0.9
738505;0;10.52;0.69
738506;0;9.82;0.61
738507;0;10.48;0.69
738508;0;9.46;0.57
738509;0;10.69;0.71
738510;0.6;12.51;0.94
738511;0.7;14.53;1.23
738512;21.3;11.65;0.83
738513;31.7;11.55;0.82
738514;74.7;10.25;0.66
738515;55.3;10.52;0.69
738516;44.4;10.89;0.74
738517;56.3;12.92;1
738518;0.9;12.12;0.89
738519;0;11.97;0.87
738520;0;15.79;1.43
738521;0;13.1;1.03
738522;0;16.55;1.46
738523;0;12.98;0.91
738524;0;12.88;0.9
738525;2.5;11.39;0.71
738526;2.9;7.42;0.31
738527;13.5;7.71;0.33
738528;0;6.83;0.26
738529;0;7.55;0.32
738530;0;9.81;0.54
738531;0;9.21;0.47
738532;0;10.97;0.67
738533;0;8.61;0.42
738534;0;7.14;0.29
738535;0;7.53;0.32
738536;0;8.1;0.37
738537;0;8.55;0.42
738538;0;7.7;0.34
738539;0;7.8;0.35
738540;0;6.73;0.26
738541;0;6.48;0.25
738542;0;6.29;0.23
738543;0;8.56;0.42
738544;0;9.68;0.54
738545;1.4;8.73;0.44
738546;1.6;7.74;0.35
738547;0;8.75;0.45
738548;0;8.9;0.46
738549;0;9.65;0.54
738550;0;10.93;0.69
738551;0;12.92;0.96
738552;0;11.57;0.78
738553;0;10.53;0.65
738554;0;12.91;0.96
738555;0;13.4;1.04
738556;0.6;10.81;0.69
738557;0;11.23;0.74
738558;0;10.35;0.64
738559;0;11.5;0.78
738560;0;12.77;0.96
738561;0;11.75;0.82
738562;0;11.2;0.75
738563;0;12.05;0.87
738564;0;10.88;0.71
738565;0;10.6;0.68
738566;2.6;9.93;0.6
738567;0;8.79;0.48
738568;0;9.55;0.56
738569;0;12.7;0.98
738570;0;13.1;1.04
738571;0;11.7;0.84
738572;0.1;11.2;0.77
738573;0;12.42;0.95
738574;0;14.97;1.37
738575;0;16.26;1.61
738576;1.5;13.69;1.16
738577;0.5;12.15;0.92
738578;0.8;11.26;0.8
738579;0;12.38;0.96
738580;0;11.51;0.84
738581;0;12.37;0.97
738582;0;11.95;0.91
738583;16.3;11.16;0.8
738584;1.4;7.08;0.33
738585;0;8.12;0.43
738586;0;8.03;0.43
738587;2.1;8.1;0.44
738588;26.1;7.75;0.4
738589;0.1;9.27;0.57
738590;0;10.18;0.68
738591;21.2;9.73;0.63
738592;1;9.54;0.61
738593;26.2;11.25;0.84
738594;48.3;7.7;0.4
738595;21;8.6;0.5
738596;22.4;9.27;0.58
738597;0.2;9.68;0.64
738598;1.9;9.15;0.57
738599;0;10.43;0.74
738600;8.5;11.32;0.87
738601;5;10.72;0.79
738602;2.3;10.68;0.78
738603;39;10.7;0.79
738604;50;8.82;0.54
738605;17.9;8.64;0.52
738606;0;9.83;0.68
738607;0;11.63;0.94
738608;0;12.84;1.14
738609;10.5;12.44;1.08
738610;4.6;11.52;0.93
738611;14.9;9.69;0.67
738612;0;10.09;0.72
738613;0;10.8;0.83
738614;0;8.83;0.56
738615;5.5;7.67;0.43
738616;13.1;7.69;0.43
738617;1.2;9.42;0.64
738618;0;12.21;1.07
738619;0;13.13;1.23
738620;0;14.63;1.52
738621;0;17.7;2.21
738622;4.7;16.16;1.86
738623;17.1;10.58;0.82
738624;7.4;11.24;0.93
738625;0;14.44;1.51
738626;0;16.39;1.93
738627;0;17.79;2.27
738628;0;19.82;2.81
738629;0;18.86;2.56
738630;0;14.1;1.46
738631;0;9.11;0.63
738632;0;11.14;0.93
738633;37.3;9.75;0.72
738634;42.3;8.06;0.5
738635;0.2;11.45;0.99
738636;0;12.64;1.2
738637;0;14.69;1.61
738638;0;14.15;1.5
738639;13;13.43;1.36
738640;0.1;13.39;1.36
738641;0;16.28;1.99
738642;0;17.7;2.34
738643;3.9;14.85;1.67
738644;17.6;12.59;1.22
738645;5.2;12.55;1.21
738646;0.1;14.87;1.69
738647;0;17.95;2.44
738648;0;19.53;2.87
738649;0;20.51;3.17
738650;0;21.49;3.48
738651;0;21.46;3.47
738652;0;21.69;3.55
738653;0;22.35;3.78
738654;0;23.44;4.15
738655;0;24.78;4.63
738656;0;19.76;2.99
738657;0;19.71;2.99
738658;0;22.58;3.89
738659;0;25.09;4.78
738660;0;26.83;5.45
738661;0;28.9;6.13
738662;0;28.2;5.93
738663;0;22.85;4.02
738664;0;21.14;3.46
738665;0;19.61;3
738666;0;19.18;2.88
738667;0;20.03;3.13
738668;0;24.08;4.48
738669;0;25.25;4.92
738670;0;19.96;3.12
738671;0;17.44;2.41
738672;0;21.29;3.55
738673;0;21.19;3.52
738674;0;18.92;2.83
738675;0;18.03;2.58
738676;0;17.56;2.46
738677;0;20.59;3.35
738678;0;24.05;4.52
738679;0;25.27;4.98
738680;0;25.32;5
738681;0;26.57;5.5
738682;0;27.68;5.91
738683;0;28.36;6.13
738684;0;30.41;6.7
738685;0;31.75;7
738686;0;31.74;7
738687;0;30.83;6.81
738688;0;29.3;6.42
738689;0;31.08;6.87
738690;0;29.71;6.54
738691;0;22.32;3.94
738692;0;20.1;3.22
738693;0;18.92;2.86
738694;0;16.67;2.24
738695;0;17.98;2.59
738696;0;19.73;3.1
738697;0;21.27;3.59
738698;0;20.83;3.45
738699;0;20.13;3.22
738700;0;23.15;4.22
738701;0;24.33;4.65
738702;0;23.55;4.36
738703;0;25.82;5.21
738704;0;26.44;5.45
738705;0;25.68;5.15
738706;0;25.65;5.13
738707;0;26.86;5.61
738708;0;26.19;5.33
738709;0;27.97;5.98
738710;0;28.94;6.27
738711;0;29.57;6.44
738712;0;30.22;6.6
738713;0;29.94;6.53
738714;0;30.74;6.71
738715;0;31.93;6.95
738716;0;32.73;7.08
738717;0;31.48;6.85
738718;0;31.35;6.81
738719;0;31.88;6.9
738720;0;31.58;6.84
738721;0;29.05;6.22
738722;0;29.59;6.36
738723;0;30.12;6.48
738724;0;30.88;6.65
738725;0;31.98;6.85
738726;0;32.85;6.99
738727;0;34.11;7.14
738728;0;31.12;6.65
738729;0;26.85;5.43
738730;0;27.89;5.77
738731;0;29.4;6.2
738732;0;29.53;6.23
738733;0;29.74;6.27
738734;0;29.93;6.3
738735;0;31.07;6.55
738736;0;31.15;6.55
738737;0;30.68;6.43
738738;0;29.18;6.05
738739;0;27.44;5.52
738740;0;26.72;5.26
738741;0;26.34;5.1
738742;0;28.13;5.7
738743;0;28.58;5.81
738744;0;28.03;5.64
738745;0.3;29.61;6.06
738746;4.3;29.23;5.95
738747;0;28.1;5.62
738748;0;23.3;3.96
738749;0;23.16;3.9
738750;0;22.64;3.72
738751;0;25;4.49
738752;0;26.81;5.13
738753;0;28.41;5.62
738754;0;28.97;5.75
738755;0;28.99;5.74
738756;0;28.92;5.71
738757;0;27.79;5.37
738758;0;26.2;4.83
738759;0;26.25;4.83
738760;0;27.01;5.08
738761;0;27.37;5.18
738762;0;27.32;5.15
738763;0.5;27.63;5.23
738764;0;26.95;5.01
738765;0;25.02;4.32
738766;0;24.74;4.22
738767;0.9;22.76;3.58
738768;0;21.73;3.26
738769;0;22.38;3.44
738770;0;23.53;3.78
738771;0;23.72;3.83
738772;0;24.78;4.15
738773;0;26.44;4.7
738774;0;27.12;4.9
738775;0;29.31;5.49
738776;0.1;27.44;4.97
738777;1.2;20.65;2.87
738778;0.3;19.89;2.66
738779;0.8;19.34;2.51
738780;0;21.19;2.99
738781;0;23.41;3.61
738782;0;23.38;3.6
738783;0;23.31;3.56
738784;0;23.37;3.57
738785;0.1;22.56;3.32
738786;12.1;19.83;2.58
738787;0;20.45;2.73
738788;0;21.4;2.97
738789;0;18.35;2.2
738790;0;16.65;1.82
738791;0;17.68;2.03
738792;0;18.11;2.12
738793;8;15.42;1.55
738794;0;16.03;1.66
738795;0;17.51;1.97
738796;0;20.46;2.65
738797;0;23.43;3.43
738798;0;22.63;3.2
738799;0;22.15;3.06
738800;0;21.24;2.81
738801;0;20.54;2.62
738802;0;20.98;2.72
738803;0;20.75;2.66
738804;5.8;18.79;2.19
738805;0.1;17.36;1.87
738806;0;18.12;2.02
738807;0;19.26;2.27
738808;0;20.25;2.49
738809;0;21.75;2.85
738810;0.1;22.09;2.93
738811;0;22.98;3.15
738812;0.1;24.05;3.43
738813;0;23.89;3.38
738814;0;20.3;2.46
738815;1;18.04;1.95
738816;0;19.57;2.27
738817;0;19.31;2.21
738818;0;20.98;2.58
738819;0;23.09;3.1
738820;0;23.58;3.22
738821;0;25.45;3.72
738822;0;23.14;3.08
738823;0;22.77;2.98
738824;0;20.6;2.45
738825;0;19.95;2.29
738826;0;18.48;1.97
738827;0;18.03;1.87
738828;0;15.3;1.36
738829;1.6;15.04;1.31
738830;0;15.2;1.33
738831;0;15.65;1.4
738832;0;15.1;1.31
738833;0;14.57;1.22
738834;11.1;14.02;1.13
738835;0;15.17;1.31
738836;0;14.74;1.23
738837;0;16.72;1.57
738838;0;15.9;1.42
738839;0;15.1;1.28
738840;21.4;14.02;1.11
738841;74.5;14.08;1.11
738842;60.7;13.72;1.06
738843;17.8;10.91;0.68
738844;0;9.05;0.47
738845;0;10.5;0.62
738846;34.7;11.13;0.7
738847;4.6;11.33;0.72
738848;7.2;12.47;0.87
738849;0;12.34;0.85
738850;0;12.83;0.91
738851;0;12.42;0.85
738852;0;13.6;1.02
738853;0;11.07;0.68
738854;0;8.87;0.44
738855;0;9.37;0.49
738856;5.9;9.15;0.47
738857;0.1;8.95;0.45
738858;1;9.56;0.51
738859;2.5;10.86;0.65
738860;19.4;10.52;0.61
738861;2.7;10.51;0.61
738862;0;10.63;0.62
738863;81.6;12.21;0.81
738864;59.2;11.47;0.72
738865;5.3;10.67;0.62
738866;121.3;12.85;0.89
738867;24.2;13.4;0.97
738868;153.5;14.37;1.11
738869;48.8;13.28;0.95
738870;39.1;8.96;0.44
738871;26.3;9.55;0.5
738872;3.1;9.95;0.54
738873;0;9.36;0.48
738874;0;10.64;0.62
738875;11.3;12.38;0.83
738876;0.8;11.95;0.77
738877;0;11.07;0.67
738878;0;13.04;0.92
738879;0;14.46;1.12
738880;0;14.72;1.16
738881;0;12.97;0.91
738882;0;12.36;0.83
738883;0;11.18;0.68
738884;0;10.89;0.65
738885;0;10.78;0.64
738886;0;12;0.78
738887;0;13.9;1.04
738888;11.2;12.02;0.78
738889;0.1;11.01;0.66
738890;0;10.46;0.6
738891;0;10.54;0.61
738892;0;9;0.45
738893;0;8.45;0.4
738894;109.7;11.43;0.72
738895;35.2;11.66;0.75
738896;0;11.05;0.67
738897;0;9.2;0.47
738898;0;10.14;0.57
738899;0;8.79;0.43
738900;0;9.1;0.47
738901;0;8.44;0.4
738902;10.9;7.37;0.31
738903;37.6;8.48;0.41
738904;3.1;5.37;0.17
738905;0;5.31;0.17
738906;2.7;8.19;0.38
738907;0.1;9.05;0.47
738908;0;7.16;0.3
738909;0;4.25;0.11
738910;0;3.13;0.06
738911;0;3.81;0.09
738912;0;3.38;0.07
738913;0;3.68;0.08
738914;0;3.61;0.08
738915;0;4.21;0.11
738916;0;5.81;0.2
738917;0;7.13;0.3
738918;0;7.05;0.3
738919;0;6.98;0.29
738920;0;7.98;0.38
738921;0;8.03;0.38
738922;0;10.68;0.67
738923;0;10.35;0.63
738924;1.9;8.73;0.46
738925;5.1;6.99;0.3
738926;2.1;8.37;0.42
738927;0.9;6.52;0.26
738928;0;7.65;0.36
738929;0;9.36;0.53
738930;0;9.77;0.58
738931;0;9.93;0.6
738932;0;10.44;0.66
738933;0;10.83;0.71
738934;0;10.84;0.72
738935;0;13.07;1.03
738936;0;14.54;1.28
738937;0;14.88;1.34
738938;0;15.23;1.41
738939;0;11.99;0.89
738940;0;9.74;0.59
738941;0;6.39;0.26
738942;9.9;5.27;0.18
738943;1.2;7.33;0.35
738944;0;7.97;0.41
738945;0;6.41;0.27
738946;0;5.87;0.23
738947;0;6.81;0.3
738948;0;7.48;0.37
738949;0;9.7;0.61
738950;0.7;9.81;0.62
738951;74.8;10.25;0.68
738952;11.7;11.17;0.81
738953;12.2;12.28;0.97
738954;32.1;11.78;0.9
738955;0;13.7;1.21
738956;0;13.74;1.22
738957;0;16.59;1.77
738958;0;16.2;1.7
738959;0;13.43;1.18
738960;0;15.58;1.58
738961;0;17.87;2.07
738962;2.5;13.3;1.17
738963;0;11.63;0.91
738964;0;12.97;1.12
738965;0;13.62;1.24
738966;0;14.61;1.43
738967;0;15.93;1.69
738968;0;16.05;1.72
738969;0;15.86;1.69
738970;0;17.22;1.99
738971;0;17.42;2.04
738972;0;17.12;1.98
738973;0;17.47;2.06
738974;0;20.07;2.71
738975;0;18.92;2.43
738976;0;19.25;2.52
738977;0;17.04;1.99
738978;0;16.84;1.95
738979;0;16.04;1.78
738980;0;15.31;1.63
738981;0;15.67;1.71
738982;0;16.86;1.98
738983;0;17.25;2.08
738984;0;20.01;2.78
738985;0;20.47;2.91
738986;0;20.55;2.95
738987;0;19.74;2.73
738988;0;17.84;2.25
738989;0;15.83;1.79
738990;0;16.2;1.88
738991;0;18.66;2.48
738992;0;20.34;2.94
738993;0;19.78;2.79
738994;0;19.55;2.74
738995;0;18.43;2.45
738996;0;18.78;2.55
738997;0;16.63;2.02
738998;8.4;13.64;1.38
738999;0;16.41;1.98
739000;0;20;2.91
739001;0;22.39;3.63
739002;0;23.94;4.15
739003;0;25.45;4.68
739004;0;26.72;5.16
739005;0;23.28;3.96
739006;0;20.66;3.15
739007;0;21.51;3.41
739008;0;22.66;3.79
739009;0;22.79;3.84
739010;0;20.52;3.14
739011;0;21.3;3.38
739012;0;20.47;3.14
739013;0;21.34;3.41
739014;0;22.82;3.89
739015;0;24.8;4.58
739016;0;23.09;4
739017;0;21.75;3.57
739018;0;20;3.04
739019;0;18.53;2.63
739020;0;18.1;2.51
739021;0;19.4;2.88
739022;0;20.65;3.26
739023;4.7;18.52;2.65
739024;3.1;13.78;1.49
739025;0;14.71;1.7
739026;0.3;16.47;2.12
739027;0;14.98;1.77
739028;6.6;12.33;1.21
739029;8.7;12.6;1.27
739030;0;14.33;1.63
739031;0.3;16.95;2.26
739032;0;19.25;2.89
739033;10.8;17.89;2.52
739034;11.5;14.49;1.67
739035;0;15.41;1.89
739036;0;16.27;2.1
739037;0;17.9;2.53
739038;0;19.35;2.95
739039;8.7;16.9;2.27
739040;5.8;16;2.04
739041;3.8;17.67;2.48
739042;0.3;19.95;3.14
739043;1.7;22.05;3.82
739044;0.9;19.89;3.13
739045;5.6;19.15;2.91
739046;13.1;17.46;2.43
739047;0;18.76;2.8
739048;0;20.16;3.22
739049;0;20.14;3.22
739050;0;18.45;2.72
739051;0;21.79;3.75
739052;0;25.12;4.95
739053;0;26.95;5.67
739054;0;28.01;6.03
739055;0;25.43;5.07
739056;0;23.64;4.4
739057;0;21.53;3.67
739058;0;22.23;3.91
739059;0;23.76;4.44
739060;0;27;5.69
739061;0;28.75;6.27
739062;0;30.67;6.78
739063;0;31.27;6.91
739064;0;31.09;6.87
739065;0;30.32;6.69
739066;0;28.47;6.17
739067;0;26.83;5.62
739068;0;26.65;5.54
739069;0;28.43;6.15
739070;0;28.63;6.21
739071;0;28;6
739072;0;27.17;5.72
739073;0;27.08;5.68
739074;0;26.28;5.36
739075;0;26.01;5.26
739076;0;28.89;6.25
739077;0;31.84;6.96
739078;0;32.83;7.12
739079;0;31.5;6.88
739080;0;30.61;6.68
739081;0;29.24;6.32
739082;0;26.88;5.55
739083;0;28.03;5.94
739084;0;32.9;7.08
739085;0;32.88;7.06
739086;0;32.2;6.94
739087;0;30;6.46
739088;0;26.75;5.46
739089;0;27.22;5.61
739090;0;28.75;6.09
739091;0;27.34;5.63
739092;0;25.2;4.82
739093;0;26.58;5.35
739094;0;25.53;4.93
739095;0;26.57;5.32
739096;0;29.07;6.11
739097;0;29.93;6.33
739098;0;28.92;6.04
739099;0;28.19;5.82
739100;0;28.11;5.78
739101;0;26.68;5.29
739102;0;27.64;5.61
739103;0;28.58;5.88
739104;0;31.68;6.61
739105;0;32.44;6.72
739106;0;33.22;6.82
739107;0;33.73;6.87
739108;0;33.39;6.81
739109;0;33.65;6.83
739110;0;32.64;6.67
739111;0;30.9;6.34
739112;0;29.79;6.07
739113;0;29.73;6.04
739114;0;28.06;5.57
739115;0;27.09;5.25
739116;0;27.2;5.28
739117;0;29.73;5.98
739118;0;31.67;6.37
739119;0;32.09;6.43
739120;0;31.65;6.33
739121;0;31.69;6.32
739122;0;32.06;6.37
739123;0;32.64;6.44
739124;0.2;30.67;6.07
739125;0;23.68;3.94
739126;0;24.95;4.35
739127;0;26.47;4.87
739128;0;25.32;4.45
739129;0;25.25;4.42
739130;0;25.86;4.61
739131;0;20.84;3.02
739132;23.8;16.82;1.99
739133;0.7;18.73;2.44
739134;0;20.87;3
739135;0;23.39;3.74
739136;0;24.56;4.09
739137;0;24.25;3.98
739138;0;23.07;3.6
739139;0;22.29;3.36
739140;0;21.95;3.25
739141;0;21.43;3.09
739142;0;22.56;3.41
739143;0;24.27;3.91
739144;0.1;22.67;3.42
739145;0;20.73;2.86
739146;6.9;17.02;1.95
739147;0;16.93;1.92
739148;0;19.09;2.42
739149;0;19.51;2.51
739150;9.1;17.58;2.04
739151;22.9;16.89;1.89
739152;0;18.42;2.22
739153;0;22.02;3.14
739154;0;22.95;3.38
739155;0;22.68;3.3
739156;0;24.81;3.91
739157;0;24.65;3.85
739158;0;25.71;4.16
739159;0;25.81;4.18
739160;0;26.66;4.44
739161;0;26.73;4.45
739162;0;25.57;4.06
739163;0;24.52;3.73
739164;0;25.13;3.9
739165;0;26.65;4.36
739166;0;26.95;4.43
739167;0;25.05;3.84
739168;0;23.41;3.36
739169;0;21.9;2.94
739170;0;21.77;2.89
739171;0;22.34;3.03
739172;0;22.19;2.98
739173;0.5;20.49;2.55
739174;0;18.21;2.02
739175;0;18.97;2.18
739176;0;20.75;2.58
739177;11.8;16.63;1.68
739178;96.9;15.41;1.44
739179;5.1;13.16;1.06
739180;0;13.65;1.13
739181;13.6;13.85;1.16
739182;15.3;12.86;1
739183;9.5;12.6;0.96
739184;41.4;14.25;1.21
739185;40.3;14.49;1.25
739186;12.3;14.11;1.18
739187;0;14.1;1.18
739188;0.1;14;1.16
739189;6;13.32;1.05
739190;1.3;11.97;0.85
739191;0.1;13.97;1.14
739192;32.9;13.86;1.12
739193;0.6;10.91;0.7
739194;57.5;12.02;0.84
739195;0.4;11.3;0.75
739196;0;10.98;0.7
739197;0;9.41;0.52
739198;0;10.2;0.61
739199;2.7;12.09;0.84
739200;0;12.2;0.85
739201;0;12.95;0.96
739202;0;13.88;1.09
739203;0;15.3;1.32
739204;0;16.49;1.52
739205;0;16.78;1.56
739206;0;15.65;1.36
739207;0;15.9;1.4
739208;0;16.67;1.53
739209;0;17.7;1.72
739210;0;14.63;1.18
739211;0;13.18;0.97
739212;0;10.14;0.58
739213;0;9.84;0.54
739214;0;9.46;0.5
739215;0;9.63;0.52
739216;0;9.95;0.55
739217;0;9.8;0.54
739218;0;9.98;0.55
739219;54.5;12.19;0.82
739220;39.4;13.18;0.95
739221;29.1;10.31;0.59
739222;0;7.53;0.32
739223;0;7.36;0.3
739224;18.4;8.83;0.43
739225;0.4;8.94;0.44
739226;12.1;11.77;0.75
739227;2.2;12.38;0.83
739228;28.2;12.02;0.78
739229;0;10.93;0.65
739230;0;12.76;0.88
739231;0;15.47;1.28
739232;0;16.83;1.5
739233;4.1;11.09;0.67
739234;0;7.47;0.31
739235;0;8.43;0.39
739236;0;10.55;0.6
739237;0;9.01;0.45
739238;0;7.22;0.29
739239;0;6.82;0.26
739240;0;7.02;0.27
739241;0;7.02;0.27
739242;0;9.18;0.46
739243;0;9.14;0.46
739244;0;8.32;0.38
739245;0;7.03;0.28
739246;0;7.82;0.34
739247;0;7.42;0.31
739248;0;8.56;0.4
739249;0;11.12;0.67
739250;0;10.38;0.59
739251;0;7.3;0.3
739252;0;10.68;0.67
739253;0;10.71;0.67
739254;0;11.76;0.8
739255;9.2;11.14;0.73
739256;3.8;7.43;0.34
739257;0;5.71;0.21
739258;0;5.43;0.19
739259;0.1;6.15;0.24
739260;12.3;9.58;0.55
739261;0;8.8;0.47
739262;0;8.21;0.42
739263;0;8.72;0.47
739264;0;12.73;0.95
739265;0;14.5;1.21
739266;0;12.84;0.96
739267;9;13.37;1.04
739268;53.1;12.13;0.87
739269;16;11.55;0.8
739270;56.3;10.29;0.64
739271;0;7.83;0.39
739272;0;8.79;0.48
739273;0;8.3;0.44
739274;0;12.97;1
739275;0;15.99;1.48
739276;0;19.13;2.07
739277;0;16.74;1.62
739278;0;17.55;1.77
739279;0;13.77;1.13
739280;0;13.08;1.03
739281;0;11.28;0.79
739282;0;10.95;0.75
739283;0;10.57;0.7
739284;0;11.86;0.87
739285;0;12.1;0.91
739286;0;11.05;0.77
739287;0;11.42;0.82
739288;0;11.33;0.81
739289;0;11.07;0.78
739290;6.8;10.78;0.74
739291;136;9.58;0.6
739292;5.6;8.51;0.48
739293;131.2;9.14;0.55
739294;112.3;13.26;1.1
739295;0;14.5;1.31
739296;0;17.82;1.93
739297;24.7;15.29;1.45
739298;0;11.14;0.81
739299;0;11.44;0.85
739300;0;12.25;0.97
739301;0;13.57;1.18
739302;0;14.55;1.35
739303;0;14.4;1.33
739304;12.1;13.38;1.16
739305;18.3;8.06;0.45
739306;0.8;7.23;0.37
739307;27.6;8.47;0.5
739308;62.3;8.21;0.47
739309;0;7.1;0.36
739310;0;8.45;0.5
739311;0;9.67;0.65
739312;0;8.6;0.52
739313;30.6;7.23;0.38
739314;6.9;7.04;0.36
739315;2.4;9.48;0.64
739316;0;10.89;0.83
739317;0;10.65;0.79
739318;40.2;8.82;0.56
739319;36.7;6.02;0.28
739320;112.6;7.23;0.39
739321;20.9;7.59;0.43
739322;0;9.96;0.71
739323;0;11.58;0.95
739324;0;14.43;1.43
739325;0;13.45;1.26
739326;0;14.46;1.45
739327;0;16.43;1.84
739328;0;19.99;2.65
739329;0;19.75;2.6
739330;0;21.26;3
739331;0;16.18;1.81
739332;0;16.21;1.82
739333;0;19.77;2.64
739334;0;21.28;3.04
739335;7.8;18.27;2.3
739336;52.2;11;0.9
739337;39.3;6.2;0.31
739338;31.7;8.06;0.51
739339;120.4;10.48;0.83
739340;39.1;8.71;0.59
739341;69.8;7.08;0.4
739342;89.4;6.83;0.38
739343;7;8.58;0.58
739344;0;11.03;0.93
739345;0;13.61;1.37
739346;0;15.55;1.77
739347;0;20.04;2.84
739348;0;22.31;3.47
739349;0;19.06;2.6
739350;1.5;14.08;1.49
739351;0;13.7;1.42
739352;0;16.03;1.9
739353;0;18.57;2.51
739354;0;18.18;2.42
739355;0;18.66;2.54
739356;0;19.33;2.73
739357;0;19.85;2.87
739358;0;21.87;3.45
739359;0;20.83;3.16
739360;0;18.38;2.51
739361;0;17.05;2.19
739362;0;15.62;1.87
739363;0;15.89;1.93
739364;0;16.52;2.08
739365;0;16.85;2.17
739366;0;16.28;2.04
739367;0;15.94;1.96
739368;0;13.51;1.45
739369;28.6;11.01;0.99
739370;0;11.63;1.1
739371;0;11.63;1.11
739372;13.1;11.12;1.02
739373;29.3;10.99;1
739374;0;11.62;1.11
739375;0;14.29;1.64
739376;0;17.44;2.38
739377;0;17.8;2.47
739378;0;16.98;2.27
739379;0;18.72;2.73
739380;0;20.01;3.09
739381;0;20.48;3.24
739382;0;21.13;3.44
739383;0;22.02;3.72
739384;0;20.91;3.39
739385;0;20.93;3.4
739386;0.2;17.17;2.36
739387;0;14.49;1.72
739388;0;14.42;1.71
739389;0.9;13.81;1.58
739390;0;14.97;1.84
739391;0;15.12;1.88
739392;0;14.12;1.66
739393;0;14.51;1.75
739394;0;17.72;2.54
739395;0;19.88;3.14
739396;0;21.41;3.62
739397;0;23.08;4.16
739398;0;24;4.48
739399;0;24.38;4.62
739400;0;24.25;4.59
739401;0;25.84;5.17
739402;0;27.26;5.71
739403;0;27.23;5.7
739404;0;24.93;4.85
739405;0;23.54;4.36
739406;0;23.51;4.36
739407;0;23.69;4.43
739408;0;25.64;5.13
739409;0;28.48;6.15
739410;0;23.03;4.21
739411;0;16.69;2.32
739412;2.6;14.83;1.86
739413;0;16.38;2.24
739414;0;17.72;2.59
739415;0;20.03;3.26
739416;0;22.28;3.97
739417;0;24.14;4.61
739418;0;22.92;4.19
739419;0;22.4;4.02
739420;0;23.49;4.39
739421;0;20.45;3.39
739422;8.3;15.35;1.99
739423;0;16.07;2.17
739424;0;20.96;3.55
739425;0;25.03;4.94
739426;0;26.74;5.59
739427;0;27.53;5.87
739428;0;26.91;5.65
739429;0;23.1;4.25
739430;0;18.76;2.89
739431;4.4;16.88;2.37
739432;2.9;17.35;2.5
739433;0;19.49;3.09
739434;0;22.22;3.95
739435;0;25.47;5.08
739436;0;27.75;5.92
739437;0;30;6.58
739438;0;29.74;6.51
739439;0;22.37;3.98
739440;0;22.77;4.11
739441;0;23.54;4.37
739442;0;24.99;4.87
739443;0;27.58;5.83
739444;0;29.06;6.28
739445;0;28.46;6.09
739446;0;26.69;5.49
739447;0;26.21;5.29
739448;0;26.27;5.31
739449;0;26.72;5.48
739450;0;28.37;6.03
739451;0;27.81;5.84
739452;0;30.5;6.58
739453;0;30.68;6.61
739454;0;26.63;5.4
739455;0;28.29;5.95
739456;0;30.09;6.44
739457;0;31.1;6.66
739458;0;29.78;6.34
739459;0;29.04;6.13
739460;0;27.99;5.8
739461;0;28.43;5.93
739462;0;31.13;6.6
739463;0;30.96;6.55
739464;0;30.5;6.44
739465;0;30.38;6.39
739466;0;28.32;5.83
739467;0;28.34;5.83
739468;0;29;6
739469;0;29.24;6.05
739470;0;28.75;5.9
739471;0;29.54;6.1
739472;0;28.65;5.85
739473;0;28.7;5.85
739474;0;29.67;6.09
739475;0;29.87;6.13
739476;0;28.22;5.67
739477;0;25.92;4.88
739478;0;24.29;4.31
739479;0;26.68;5.13
739480;0;27.91;5.51
739481;0;29.05;5.82
739482;0;30.1;6.07
739483;0;29.71;5.96
739484;0;29.03;5.77
739485;0;28.85;5.71
739486;0;26.48;4.95
739487;0;26.4;4.91
739488;0;28.05;5.44
739489;0;28.65;5.59
739490;0;27.16;5.13
739491;0;27.16;5.12
739492;0;27.3;5.14
739493;0.5;26.17;4.75
739494;0;26.37;4.8
739495;0;26.08;4.69
739496;0;24.93;4.3
739497;0;24.62;4.19
739498;0;24;3.98
739499;0;22.74;3.59
739500;0;23.81;3.9
739501;0;22.77;3.58
739502;9.1;20.2;2.86
739503;2.4;20.27;2.87
739504;0;20.55;2.93
739505;0;20.38;2.87
739506;0;20.78;2.97
739507;0;22.13;3.33
739508;0;23.9;3.83
739509;0;22.15;3.32
739510;0;23.71;3.75
739511;0;25.2;4.18
739512;0;23.34;3.62
739513;0;22.24;3.3
739514;0;21.21;3.01
739515;0;19.98;2.68
739516;0;19.41;2.53
739517;0;18.39;2.29
739518;0;17.97;2.18
739519;0;17.75;2.12
739520;0;18.51;2.29
739521;1.4;18.88;2.37
739522;11.3;17.85;2.12
739523;0;17.9;2.13
739524;0;19.95;2.6
739525;0;21.44;2.96
739526;0;21.49;2.96
739527;0;21.99;3.08
739528;3.6;19.66;2.49
739529;0;19.43;2.43
739530;0;20.4;2.65
739531;0;21.82;2.99
739532;14;20.23;2.59
739533;0.3;15.98;1.67
739534;63.6;15.42;1.56
739535;0.1;14.96;1.47
739536;5.3;15.77;1.61
739537;32.9;17.33;1.91
739538;8.9;17.2;1.88
739539;53.7;16.95;1.82
739540;14.2;14.83;1.42
739541;57.6;15.46;1.53
739542;27.2;13.58;1.2
739543;0;14.14;1.28
739544;0;16.54;1.71
739545;0;17.06;1.81
739546;0;18.28;2.05
739547;0;17.87;1.96
739548;0;17.9;1.96
739549;0;17.85;1.94
739550;0.2;16.33;1.64
739551;42.4;10.5;0.72
739552;2.8;10.19;0.68
739553;7;9.56;0.6
739554;59.3;9.42;0.58
739555;95.3;9.97;0.64
739556;49.5;12.25;0.94
739557;0;14.1;1.22
739558;0.1;15;1.36
739559;0;15.14;1.38
739560;0;16.37;1.6
739561;0;16.12;1.55
739562;0;15.77;1.48
739563;0;16.09;1.53
739564;0;17.1;1.71
739565;0;14.78;1.3
739566;0;14.15;1.2
739567;0;13.65;1.12
739568;0;13.56;1.1
739569;11.2;10.46;0.68
739570;23.7;11.33;0.78
739571;0;13.67;1.11
739572;0.2;15.76;1.44
739573;0.1;15.14;1.33
739574;0;13.98;1.15
739575;0;14.94;1.29
739576;0;13.18;1.02
739577;0;10.8;0.7
739578;0;12.08;0.86
739579;0;13.64;1.08
739580;0;16.14;1.48
739581;15.4;15.52;1.37
739582;0;12.09;0.86
739583;0;12.75;0.95
739584;0;13.29;1.02
739585;0;16.34;1.5
739586;0;16.52;1.52
739587;0;15.21;1.31
739588;0.1;15.5;1.35
739589;0;13.44;1.03
739590;0.1;10.67;0.67
739591;0;9.95;0.59
739592;0;12.12;0.85
739593;0;12.68;0.92
739594;0;9.29;0.52
739595;0;5.63;0.2
739596;0;4.91;0.16
739597;0;5.16;0.17
739598;8.1;6.01;0.23
739599;0;7.29;0.33
739600;0;7.09;0.31
739601;0;8.05;0.39
739602;0;9.95;0.59
739603;0;9.96;0.59
739604;0;13.63;1.05
739605;11;12.42;0.88
739606;0;10.37;0.63
739607;0;8.15;0.4
739608;0;8.21;0.41
739609;0;9.05;0.49
739610;0;9.21;0.51
739611;0;11.51;0.77
739612;0;11.9;0.82
739613;0;10.25;0.62
739614;0;8.41;0.43
739615;0;7.74;0.37
739616;0;8.32;0.42
739617;0;6.8;0.29
739618;0;6.88;0.31
739619;0;7.52;0.36
739620;0;6.86;0.31
739621;0;8.48;0.45
739622;4.1;10.1;0.62
739623;24.6;8.4;0.44
739624;0;7.45;0.36
739625;4.3;10.23;0.64
739626;53.7;11.69;0.82
739627;0;9.54;0.56
739628;0;11.23;0.76
739629;0;11.61;0.81
739630;0;7.96;0.41
739631;0;6.38;0.27
739632;0;4.91;0.17
739633;0;5.8;0.23
739634;0;5.98;0.24
739635;0;6.02;0.25
739636;0;6.64;0.3
739637;21.1;8.11;0.43
739638;0;11.64;0.83
739639;0;12.82;0.99
739640;0.3;11.95;0.88
739641;0;11.84;0.86
739642;15.8;10.15;0.65
739643;20.8;10.68;0.72
739644;100.3;12.22;0.92
739645;14.1;7.63;0.39
739646;17.8;6.91;0.33
739647;14.9;5.92;0.25
739648;0;5.56;0.22
739649;0;6.4;0.29
739650;1.1;7.23;0.36
739651;9.2;6.94;0.33
739652;0;7.13;0.35
739653;0;7.96;0.43
739654;0;7.96;0.43
739655;4;7.45;0.38
739656;19.4;9.4;0.59
739657;0;8.84;0.53
739658;0;9.09;0.56
739659;2.6;11.14;0.81
739660;2;9.28;0.58
739661;0;9.38;0.6
739662;0;11.13;0.82
739663;0;14.13;1.27
739664;0;11.82;0.92
739665;0;10.74;0.78
739666;0;12.36;1.01
739667;0;11.42;0.87
739668;0;11.78;0.93
739669;0;13.19;1.15
739670;23.9;11.01;0.83
739671;0;10.28;0.73
739672;0;10.55;0.77
739673;1.2;9.66;0.66
739674;0;10.75;0.8
739675;0;9.96;0.7
739676;31.8;8.44;0.52
739677;0.1;8.33;0.51
739678;7.6;8.62;0.54
739679;0.3;10.95;0.84
739680;0;11.34;0.9
739681;13.4;11.03;0.86
739682;13;9.35;0.64
739683;7.2;9.71;0.69
739684;45.5;7.71;0.45
739685;80.7;4.86;0.19
739686;74.7;7.32;0.41
739687;60.6;8.88;0.59
739688;34.2;8.41;0.54
739689;71.2;8.29;0.52
739690;36.3;6.55;0.34
739691;5.3;6.59;0.35
739692;33.9;7.01;0.39
739693;60.9;8.82;0.59
739694;45.6;8.94;0.61
739695;0;11.54;0.98
739696;34.8;11.34;0.95
739697;58.1;8.9;0.61
739698;23.6;6.7;0.36
739699;53.2;5.01;0.22
739700;0;6.45;0.34
739701;1;8.38;0.56
739702;0;10.49;0.84
739703;0;11.31;0.97
739704;0;12.08;1.1
739705;0;14.16;1.47
739706;0;14.85;1.61
739707;0;17.09;2.09
739708;0;14.59;1.57
739709;5.5;12.01;1.1
739710;22.6;11.08;0.95
739711;21.8;10.86;0.92
739712;2.4;10.24;0.83
739713;0;10.98;0.95
739714;0;14.22;1.53
739715;0;17.36;2.21
739716;0;19.86;2.83
739717;0;18.23;2.43
739718;1;15.49;1.81
739719;8.7;14.14;1.53
739720;3.4;12.78;1.28
739721;11;11.17;1
739722;12.6;7.84;0.53
739723;2;8.13;0.56
739724;12.9;11.09;1
739725;0;12.65;1.27
739726;4.8;10.82;0.96
739727;10.2;8.33;0.59
739728;0.1;12.63;1.28
739729;0;13.06;1.36
739730;0;15.47;1.87
739731;0;19.74;2.93
739732;0;18.95;2.72
739733;0;17.7;2.41
739734;0;18.27;2.56
739735;0;17.6;2.4
739736;0;16.6;2.16
739737;5.1;12.83;1.35
739738;2.3;13.8;1.55
739739;21.1;13.94;1.58
739740;0.4;13.2;1.43
739741;2.8;12.77;1.35
739742;5.3;11.88;1.19
739743;0;14.18;1.64
739744;0;14.81;1.79
739745;0;12.34;1.28
739746;0;12.68;1.35
739747;0;13.91;1.6
739748;0;13.29;1.48
739749;0;13.89;1.6
739750;0;13.72;1.57
739751;0;14.23;1.68
739752;0;14.35;1.71
739753;0;17.17;2.39
739754;0;19.24;2.95
739755;0;21.29;3.56
739756;0;17.44;2.47
739757;0;19.21;2.96
739758;0;20.96;3.47
739759;0;22.26;3.88
739760;25.8;17.59;2.53
739761;0;17.55;2.52
739762;0;20.46;3.35
739763;0;22.67;4.04
739764;0;23.73;4.4
739765;0;24.55;4.69
739766;0;27.45;5.76
739767;0;27.72;5.86
739768;0;28.72;6.18
739769;0;28;5.96
739770;0;23.7;4.42
739771;0;17.43;2.52
739772;0;18.23;2.74
739773;0;21.7;3.78
739774;0;23.69;4.44
739775;0;25.68;5.15
739776;0;29.25;6.38
739777;0;29.21;6.38
739778;0;26.08;5.31
739779;0;22.16;3.94
739780;0;21.87;3.85
739781;0;24.12;4.61
739782;0;25.46;5.1
739783;0;26.64;5.55
739784;0;28.76;6.27
739785;0;30.68;6.78
739786;0;29.42;6.46
739787;0;29.88;6.59
739788;0;31.11;6.88
739789;0;31.45;6.95
739790;0;30.2;6.67
739791;0;30.11;6.65
739792;0;26.02;5.31
739793;0;22.72;4.14
739794;0;26;5.3
739795;0;29.02;6.34
739796;0;30.74;6.79
739797;0;31.9;7.03
739798;0;31.47;6.94
739799;0;31.29;6.9
739800;0;31.85;7.01
739801;0;30.73;6.77
739802;0;29.7;6.51
739803;0;28.22;6.07
739804;0;26.78;5.57
739805;0;27.97;5.98
739806;0;27.89;5.95
739807;0;27.51;5.81
739808;0;26.8;5.56
739809;0;22.22;3.93
739810;0;18.43;2.78
739811;0;22.81;4.11
739812;0;26.75;5.51
739813;0;28.83;6.19
739814;0;29.73;6.43
739815;0;29.84;6.45
739816;0;28.18;5.97
739817;0;24.72;4.73
739818;0;25.33;4.94
739819;0;25.42;4.96
739820;0;26.2;5.23
739821;0;26.67;5.41
739822;0;27.13;5.56
739823;0;26.61;5.37
739824;0;27.38;5.63
739825;0;28.68;6.03
739826;0;29.28;6.18
739827;0;27.99;5.79
739828;0;27.86;5.74
739829;0;27.7;5.68
739830;0;27.8;5.7
739831;0;29;6.04
739832;0;30.44;6.39
739833;0;30.15;6.31
739834;0;30.89;6.46
739835;0;30.36;6.33
739836;0;31.02;6.46
739837;0;29.3;6.04
739838;0;29.53;6.09
739839;0;31.4;6.49
739840;0;31.44;6.48
739841;0;33.2;6.75
739842;0;31.9;6.54
739843;0;31.44;6.43
739844;0;32.11;6.54
739845;0;33.3;6.7
739846;0;33.59;6.72
739847;0;32.23;6.51
739848;0;26.78;5.12
739849;0;23.79;4.1
739850;0;24.62;4.36
739851;0;25.1;4.5
739852;0;25.7;4.69
739853;0;24.88;4.41
739854;0.3;27.33;5.21
739855;0;26.57;4.95
739856;0;25.21;4.48
739857;0;21.21;3.25
739858;0;21.84;3.42
739859;0;25.53;4.54
739860;0;24.68;4.25
739861;0;20.59;3.04
739862;0;22.35;3.52
739863;0;24.65;4.21
739864;0;26.12;4.66
739865;0;25.87;4.57
739866;0;26.76;4.85
739867;0;25.67;4.47
739868;0;25.12;4.29
739869;0;20.28;2.89
739870;0;19.97;2.8
739871;0;23.68;3.81
739872;0;26.16;4.56
739873;0;26.29;4.59
739874;0;26.35;4.59
739875;0;26.48;4.62
739876;0;26.98;4.77
739877;0;28.27;5.12
739878;0;28.49;5.16
739879;0;28.13;5.05
739880;0;27.65;4.9
739881;0;24.36;3.89
739882;0;19.89;2.67
739883;0;19.6;2.59
739884;0;20.29;2.75
739885;0;19.92;2.65
739886;0;20.19;2.71
739887;0;20.65;2.81
739888;39.3;15.78;1.71
739889;12.8;15.22;1.6
739890;0;17;1.95
